District,TotalFilings,Chapter7,Chapter11,Chapter12,Chapter13,Business,NonBusiness,Year
 DC,712,358,18,0,336,36,676,2007
   1ST,29595,16930,282,27,12355,1193,28402,2007
 ME,2304,1819,15,6,464,152,2152,2007
 MA,13705,9061,143,4,4496,333,13372,2007
 NH,2983,2100,20,3,860,327,2656,2007
 RI,2817,2182,11,0,624,105,2712,2007
 PR,7786,1768,93,14,5911,276,7510,2007
   2ND,47304,33125,631,32,13484,1704,45600,2007
 CT,5890,4148,116,0,1626,264,5626,2007
" NY,N",11490,7290,42,24,4134,297,11193,2007
" NY,E",12731,9254,189,0,3288,380,12351,2007
" NY,S",7672,5786,242,0,1612,467,7205,2007
" NY,W",8626,6000,41,5,2580,231,8395,2007
 VT,895,647,1,3,244,65,830,2007
   3RD,51935,31725,869,18,19320,2195,49740,2007
 DE,2002,1012,223,1,763,306,1696,2007
 NJ,19948,12402,385,1,7160,864,19084,2007
" PA,E",9970,5165,77,0,4728,297,9673,2007
" PA,M",7713,4831,32,7,2843,211,7502,2007
" PA,W",12279,8300,149,9,3821,509,11770,2007
 VI,23,15,3,0,5,8,15,2007
   4TH,64704,33823,493,16,30371,1865,62839,2007
 MD,13733,7119,150,1,6463,380,13353,2007
" NC,E",7992,2954,60,3,4975,223,7769,2007
" NC,M",5940,2631,22,5,3282,187,5753,2007
" NC,W",5778,3188,48,0,2542,187,5591,2007
 SC,7291,2410,59,0,4821,144,7147,2007
" VA,E",13848,7927,101,4,5816,416,13432,2007
" VA,W",5630,3634,21,3,1972,178,5452,2007
" WV,N",1737,1512,8,0,217,84,1653,2007
" WV,S",2755,2448,24,0,283,66,2689,2007
   5TH,68425,28642,693,68,39021,3252,65173,2007
" LA,E",2781,1296,46,10,1429,127,2654,2007
" LA,M",1866,886,14,0,966,41,1825,2007
" LA,W",9630,2624,49,22,6935,342,9288,2007
" MS,N",4937,2226,23,4,2684,132,4805,2007
" MS,S",6280,2660,29,5,3585,130,6150,2007
" TX,N",15089,6172,201,3,8713,899,14190,2007
" TX,E",5985,3037,53,9,2886,383,5602,2007
" TX,S",12473,5104,168,12,7189,668,11805,2007
" TX,W",9384,4637,110,3,4634,530,8854,2007
   6TH,153663,93669,549,30,59415,3394,150269,2007
" KY,E",7687,5414,35,1,2237,168,7519,2007
" KY,W",9470,6664,21,1,2784,143,9327,2007
" MI,E",35690,24338,134,13,11205,790,34900,2007
" MI,W",10500,8652,33,4,1811,404,10096,2007
" OH,N",27589,19108,63,1,8417,689,26900,2007
" OH,S",23134,14562,121,3,8448,663,22471,2007
" TN,E",12261,6513,32,3,5713,200,12061,2007
" TN,M",9758,4452,71,3,5232,180,9578,2007
" TN,W",17574,3966,39,1,13568,157,17417,2007
   7TH,88429,59820,336,37,28235,2060,86369,2007
" IL,N",28652,18098,166,0,10388,731,27921,2007
" IL,C",7652,5778,21,2,1851,181,7471,2007
" IL,S",5152,2614,8,5,2525,128,5024,2007
" IN,N",11764,8583,45,9,3127,227,11537,2007
" IN,S",19358,12846,53,4,6454,381,18977,2007
" WI,E",10627,7554,18,5,3050,219,10408,2007
" WI,W",5224,4347,25,12,840,193,5031,2007
   8TH,59983,41786,193,48,17956,1901,58082,2007
" AR,E",7485,3575,25,9,3876,190,7295,2007
" AR,W",4367,2370,30,3,1964,207,4160,2007
" IA,N",2490,2326,5,5,154,113,2377,2007
" IA,S",4546,3949,6,1,590,130,4416,2007
 MN,11902,9455,41,7,2399,520,11382,2007
" MO,E",10452,6543,21,3,3885,176,10276,2007
" MO,W",10805,7580,40,4,3181,208,10597,2007
 NE,5364,3773,19,11,1561,208,5156,2007
 ND,1206,1057,2,5,142,59,1147,2007
 SD,1366,1158,4,0,204,90,1276,2007
   9TH,127392,91833,1198,36,34320,5349,122043,2007
 AK,697,564,15,0,118,70,627,2007
 AZ,10920,8326,242,3,2348,479,10441,2007
" CA,N",12599,7280,194,2,5122,634,11965,2007
" CA,E",18052,13364,89,11,4587,786,17266,2007
" CA,C",34028,25668,344,0,8014,1780,32248,2007
" CA,S",7936,6275,36,0,1625,305,7631,2007
 HI,1386,1108,18,1,259,56,1330,2007
 ID,3838,3074,20,5,739,116,3722,2007
 MT,1879,1527,13,7,332,55,1824,2007
 NV,10953,6740,107,0,4106,321,10632,2007
 OR,9386,6838,24,2,2522,265,9121,2007
" WA,E",4344,3276,17,2,1049,155,4189,2007
" WA,W",11224,7656,77,3,3488,322,10902,2007
 GUAM,133,122,2,0,9,3,130,2007
 NMI,17,15,0,0,2,2,15,2007
   10TH,43360,32789,200,31,10338,1582,41778,2007
 CO,15499,12962,75,1,2461,645,14854,2007
 KS,8072,5380,29,16,2647,223,7849,2007
 NM,3403,2991,29,2,380,142,3261,2007
" OK,N",2685,2280,9,0,396,129,2556,2007
" OK,E",1494,1233,5,2,253,51,1443,2007
" OK,W",4948,3554,22,9,1363,173,4775,2007
 UT,6464,3730,25,1,2708,183,6281,2007
 WY,795,659,6,0,130,36,759,2007
   11TH,115410,54864,891,33,59620,3791,111619,2007
" AL,N",14377,5809,63,5,8500,170,14207,2007
" AL,M",5418,1407,16,4,3991,85,5333,2007
" AL,S",4061,1046,25,1,2989,51,4010,2007
" FL,N",2753,2001,21,3,728,121,2632,2007
" FL,M",26437,15825,229,8,10374,1109,25328,2007
" FL,S",12272,8419,272,2,3578,799,11473,2007
" GA,N",32320,15423,222,2,16673,1154,31166,2007
" GA,M",9446,3273,17,4,6152,161,9285,2007
" GA,S",8326,1661,26,4,6635,141,8185,2007
"NY, S    ",13964.0,10304,1709,0,1916,2251,11713.0,2009
"NY, W    ",9729.0,7083,55,5,2586,330,9399.0,2009
VT       ,1559.0,1197,3,1,358,61,1498.0,2009
    3RD  ,77815.0,56510,2294,13,18953,4730,73085.0,2009
DE       ,4630.0,2297,1481,2,824,1670,2960.0,2009
NJ       ,36233.0,27458,428,2,8329,1571,34662.0,2009
"PA, E    ",12750.0,8762,151,1,3835,525,12225.0,2009
"PA, M    ",10349.0,7428,49,0,2871,332,10017.0,2009
"PA, W    ",13824.0,10547,181,8,3087,623,13201.0,2009
VI       ,29.0,18,4,0,7,9,20.0,2009
     4TH ,106994.0,70235,1005,20,35732,4131,102863.0,2009
MD       ,26264.0,19592,280,2,6390,923,25341.0,2009
"NC, E    ",11702.0,4559,154,6,6983,544,11158.0,2009
"NC, M    ",7520.0,4257,34,0,3228,411,7109.0,2009
"NC, W    ",8518.0,6016,99,4,2399,412,8106.0,2009
SC       ,9799.0,4830,112,4,4853,446,9353.0,2009
"VA, E    ",26944.0,18255,247,0,8441,948,25996.0,2009
"VA, W    ",9587.0,6708,38,3,2838,245,9342.0,2009
"WV, N    ",3052.0,2736,16,1,299,136,2916.0,2009
"WV, S    ",3608.0,3282,25,0,301,66,3542.0,2009
     5TH ,88916.0,42948,1461,37,44462,5920,82996.0,2009
"LA, E    ",4345.0,2412,53,2,1878,261,4084.0,2009
"LA, M    ",2069.0,1192,24,1,852,107,1962.0,2009
"LA, W    ",12366.0,3194,71,8,9093,501,11865.0,2009
"MS, N    ",7048.0,3702,30,4,3312,198,6850.0,2009
"MS, S    ",7653.0,4323,37,2,3290,286,7367.0,2009
"TX, N    ",20368.0,9948,450,9,9960,1706,18662.0,2009
"TX, E    ",7433.0,4215,99,4,3115,591,6842.0,2009
"TX, S    ",13879.0,6582,370,6,6920,1157,12722.0,2009
"TX, W    ",13755.0,7380,327,1,6042,1113,12642.0,2009
    6TH  ,219765.0,159389,990,74,59311,5995,213770.0,2009
"KY, E    ",12685.0,9654,43,2,2986,295,12390.0,2009
"KY, W    ",12536.0,9461,58,7,3010,307,12229.0,2009
"MI, E    ",52977.0,43915,193,11,8858,1439,51538.0,2009
"MI, W    ",16369.0,14420,66,16,1867,642,15727.0,2009
"OH, N    ",38121.0,31399,142,3,6577,1104,37017.0,2009
"OH, S    ",32666.0,23285,99,6,9276,935,31731.0,2009
"TN, E    ",19369.0,12289,97,20,6963,485,18884.0,2009
"TN, M    ",15045.0,8925,214,7,5898,564,14481.0,2009
"TN, W    ",19997.0,6041,78,2,13876,224,19773.0,2009
     7TH ,150284.0,114101,733,38,35405,4243,146041.0,2009
"IL, N    ",56831.0,43437,384,2,13007,1995,54836.0,2009
"IL, C    ",10769.0,8458,30,5,2276,250,10519.0,2009
"IL, S    ",6644.0,4131,30,3,2479,221,6423.0,2009
"IN, N    ",19266.0,15320,64,0,3882,342,18924.0,2009
"IN, S    ",28972.0,20223,100,5,8644,607,28365.0,2009
"WI, E    ",18894.0,14683,81,5,4120,519,18375.0,2009
"WI, W    ",8908.0,7849,44,18,997,309,8599.0,2009
     8TH ,90539.0,68935,391,67,21141,3194,87345.0,2009
"AR, E    ",9799.0,5009,42,8,4740,282,9517.0,2009
"AR, W    ",6784.0,4129,54,5,2596,337,6447.0,2009
"IA, N    ",3796.0,3612,9,3,170,165,3631.0,2009
"IA, S    ",6375.0,5742,12,2,619,219,6156.0,2009
MN       ,21456.0,18499,96,13,2848,859,20597.0,2009
"MO, E    ",16018.0,11920,40,3,4055,401,15617.0,2009
"MO, W    ",15285.0,11443,76,8,3758,432,14853.0,2009
NE       ,7557.0,5495,41,22,1996,318,7239.0,2009
ND       ,1593.0,1418,6,2,167,65,1528.0,2009
SD       ,1876.0,1668,15,1,192,116,1760.0,2009
     9TH ,339005.0,263343,3342,97,72196,14110,324895.0,2009
AK       ,998.0,825,21,1,151,104,894.0,2009
AZ       ,34637.0,28391,613,6,5627,1615,33022.0,2009
"CA, N    ",33025.0,22231,379,8,10407,1674,31351.0,2009
"CA, E    ",47418.0,39169,226,25,7997,1549,45869.0,2009
"CA, C    ",108647.0,83656,1126,9,23853,5108,103539.0,2009
"CA, S    ",20728.0,17051,115,3,3556,681,20047.0,2009
HI       ,3123.0,2503,18,1,600,113,3010.0,2009
ID       ,7704.0,6789,51,10,854,381,7323.0,2009
MT       ,2771.0,2324,32,10,405,150,2621.0,2009
NV       ,29808.0,21519,445,0,7844,978,28830.0,2009
OR       ,18380.0,14331,59,9,3981,593,17787.0,2009
"WA, E    ",7320.0,5844,50,8,1418,257,7063.0,2009
"WA, W    ",24217.0,18493,205,7,5493,901,23316.0,2009
GUAM     ,221.0,210,2,0,9,6,215.0,2009
NMI      ,8.0,7,0,0,1,0,8.0,2009
     10TH,75813.0,59806,500,44,15461,3457,72356.0,2009
CO       ,28304.0,23955,187,10,4152,1421,26883.0,2009
KS       ,10996.0,7668,87,15,3226,389,10607.0,2009
NM       ,6124.0,5610,49,4,460,302,5822.0,2009
"OK, N    ",4225.0,3832,10,0,383,205,4020.0,2009
"OK, E    ",2334.0,2077,6,1,249,87,2247.0,2009
"OK, W    ",7650.0,5898,51,8,1693,302,7348.0,2009
UT       ,14829.0,9611,91,5,5122,670,14159.0,2009
WY       ,1351.0,1155,19,1,176,81,1270.0,2009
     11TH,207231.0,127783,1681,95,77662,8767,198464.0,2009
"AL, N    ",20333.0,10079,120,5,10129,469,19864.0,2009
"AL, M    ",8434.0,2644,37,3,5750,210,8224.0,2009
"AL, S    ",6232.0,1954,64,1,4212,140,6092.0,2009
"FL, N    ",5390.0,4629,34,8,719,329,5061.0,2009
"FL, M    ",61671.0,45537,644,34,15453,3131,58540.0,2009
"FL, S    ",30026.0,22383,284,1,7352,1469,28557.0,2009
"GA, N    ",51018.0,32275,371,4,18368,2240,48778.0,2009
"GA, M    ",12791.0,5375,52,28,7336,458,12333.0,2009
"GA, S    ",11336.0,2907,75,11,8343,321,11015.0,2009
CHAPTER 9,,,CHAPTER 15,,,,,2009
"NY, S    ",1.0,023,MA       ,3,011,,,2009
"PA, E    ",1.0,032,CT       ,1,020,,,2009
"PA, M    ",1.0,033,"NY, E    ",2,022,,,2009
"MS, S    ",1.0,054,"NY, S    ",34,023,,,2009
"IL, S    ",1.0,072,DE       ,26,030,,,2009
NE       ,3.0,087,NJ       ,16,031,,,2009
"CA, E    ",1.0,09D,"PA, W    ",1,034,,,2009
NM       ,1.0,10C,"NC, M    ",1,042,,,2009
"OK, E    ",1.0,10E,"VA, E    ",1,046,,,2009
"AL, S    ",1.0,11C,"TX, N    ",1,055,,,2009
,,,"TX, S    ",1,057,,,2009
,,,"TX, W    ",5,058,,,2009
,,,"TN, M    ",1,068,,,2009
,,,"IL, N    ",1,070,,,2009
,,,"WI, E    ",5,075,,,2009
,,,"IA, N    ",2,082,,,2009
,,,"CA, C    ",3,09E,,,2009
,,,"CA, S    ",3,09F,,,2009
,,,HI       ,1,09G,,,2009
,,,"WA, W    ",19,09M,,,2009
,,,"FL, M    ",3,11E,,,2009
,,,"FL, S    ",6,11F,,,2009
"NY, S    ",13769.0,10592,1020,3,2123,1431.0,12338.0,2010
"NY, W    ",8762.0,6354,35,2,2370,273.0,8489.0,2010
VT       ,1651.0,1313,9,4,325,69.0,1582.0,2010
    3RD  ,84924.0,62128,1521,35,21178,3804.0,81120.0,2010
DE       ,4273.0,2502,816,2,903,973.0,3300.0,2010
NJ       ,41365.0,31839,343,6,9177,1422.0,39943.0,2010
"PA, E    ",15162.0,10177,151,7,4816,561.0,14601.0,2010
"PA, M    ",10716.0,7579,38,9,3089,305.0,10411.0,2010
"PA, W    ",13384.0,10014,170,11,3189,535.0,12849.0,2010
VI       ,24.0,17,3,0,4,8.0,16.0,2010
     4TH ,109166.0,71556,1006,36,36567,3969.0,105197.0,2010
MD       ,29698.0,21959,276,7,7456,832.0,28866.0,2010
"NC, E    ",10760.0,4169,158,15,6418,522.0,10238.0,2010
"NC, M    ",7160.0,3842,36,0,3282,419.0,6741.0,2010
"NC, W    ",8754.0,6341,117,3,2293,468.0,8286.0,2010
SC       ,9353.0,4703,87,2,4560,389.0,8964.0,2010
"VA, E    ",28419.0,18849,235,5,9330,884.0,27535.0,2010
"VA, W    ",8892.0,6256,39,4,2593,220.0,8672.0,2010
"WV, N    ",2737.0,2386,27,0,324,134.0,2603.0,2010
"WV, S    ",3393.0,3051,31,0,311,101.0,3292.0,2010
     5TH ,91727.0,43557,1357,65,46744,5334.0,86393.0,2010
"LA, E    ",4873.0,2616,55,0,2202,283.0,4590.0,2010
"LA, M    ",2086.0,1164,17,1,904,76.0,2010.0,2010
"LA, W    ",12200.0,3649,70,10,8471,401.0,11799.0,2010
"MS, N    ",6509.0,3415,27,17,3050,205.0,6304.0,2010
"MS, S    ",7820.0,4586,48,3,3183,260.0,7560.0,2010
"TX, N    ",20751.0,9819,374,14,10544,1470.0,19281.0,2010
"TX, E    ",7873.0,4326,131,4,3411,580.0,7293.0,2010
"TX, S    ",15972.0,6686,390,13,8880,1151.0,14821.0,2010
"TX, W    ",13643.0,7296,245,3,6099,908.0,12735.0,2010
    6TH  ,214336.0,155950,804,70,57512,5286.0,209050.0,2010
"KY, E    ",12386.0,9379,39,6,2962,283.0,12103.0,2010
"KY, W    ",12462.0,9236,49,7,3170,247.0,12215.0,2010
"MI, E    ",52102.0,43550,175,12,8365,1315.0,50787.0,2010
"MI, W    ",16494.0,14343,49,16,2086,561.0,15933.0,2010
"OH, N    ",38046.0,31297,103,5,6641,952.0,37094.0,2010
"OH, S    ",32595.0,22844,60,8,9683,827.0,31768.0,2010
"TN, E    ",17341.0,10941,100,12,6288,409.0,16932.0,2010
"TN, M    ",14240.0,8516,165,4,5555,448.0,13792.0,2010
"TN, W    ",18670.0,5844,64,0,12762,244.0,18426.0,2010
     7TH ,160396.0,122303,606,65,37419,4045.0,156351.0,2010
"IL, N    ",66016.0,50527,304,8,15176,1839.0,64177.0,2010
"IL, C    ",10482.0,8356,18,5,2103,214.0,10268.0,2010
"IL, S    ",6171.0,3734,20,1,2415,144.0,6027.0,2010
"IN, N    ",18845.0,14885,64,4,3891,308.0,18537.0,2010
"IN, S    ",28459.0,20151,123,4,8181,610.0,27849.0,2010
"WI, E    ",20856.0,16260,35,12,4549,537.0,20319.0,2010
"WI, W    ",9567.0,8390,42,31,1104,393.0,9174.0,2010
     8TH ,93517.0,70603,404,92,22415,2963.0,90554.0,2010
"AR, E    ",9616.0,4951,23,3,4639,219.0,9397.0,2010
"AR, W    ",6887.0,4199,63,10,2615,318.0,6569.0,2010
"IA, N    ",3531.0,3343,7,10,171,153.0,3378.0,2010
"IA, S    ",6298.0,5670,29,0,599,228.0,6070.0,2010
MN       ,22262.0,19264,77,11,2910,788.0,21474.0,2010
"MO, E    ",17516.0,12696,40,6,4774,380.0,17136.0,2010
"MO, W    ",15781.0,11434,68,16,4262,392.0,15389.0,2010
NE       ,7943.0,5766,75,29,2071,315.0,7628.0,2010
ND       ,1652.0,1461,8,4,179,70.0,1582.0,2010
SD       ,2031.0,1819,14,3,195,100.0,1931.0,2010
     9TH ,404289.0,312845,3552,122,87760,13953.0,390336.0,2010
AK       ,1116.0,924,10,1,181,76.0,1040.0,2010
AZ       ,42829.0,35393,635,2,6795,1636.0,41193.0,2010
"CA, N    ",39066.0,25616,444,11,12992,1548.0,37518.0,2010
"CA, E    ",54837.0,44398,220,39,10180,1243.0,53594.0,2010
"CA, C    ",142726.0,109415,1123,13,32174,5363.0,137363.0,2010
"CA, S    ",23581.0,18950,145,3,4483,660.0,22921.0,2010
HI       ,3978.0,3107,20,1,849,156.0,3822.0,2010
ID       ,8355.0,7284,62,11,997,351.0,8004.0,2010
MT       ,3108.0,2633,31,12,432,162.0,2946.0,2010
NV       ,30143.0,22581,463,2,7097,982.0,29161.0,2010
OR       ,20243.0,15798,65,17,4363,575.0,19668.0,2010
"WA, E    ",7299.0,5858,37,5,1399,245.0,7054.0,2010
"WA, W    ",26825.0,20737,297,5,5786,943.0,25882.0,2010
GUAM     ,173.0,142,0,0,31,11.0,162.0,2010
NMI      ,10.0,9,0,0,1,2.0,8.0,2010
     10TH,85601.0,67270,476,53,17802,3253.0,82348.0,2010
CO       ,32776.0,27371,182,9,5214,1361.0,31415.0,2010
KS       ,11234.0,7858,54,24,3298,329.0,10905.0,2010
NM       ,6571.0,5989,48,3,531,279.0,6292.0,2010
"OK, N    ",4540.0,4056,26,1,457,196.0,4344.0,2010
"OK, E    ",2345.0,2092,11,6,236,74.0,2271.0,2010
"OK, W    ",8095.0,6261,50,7,1777,271.0,7824.0,2010
UT       ,18478.0,12325,87,3,6063,670.0,17808.0,2010
WY       ,1562.0,1318,18,0,226,73.0,1489.0,2010
     11TH,226703.0,141114,1898,103,83576,8281.0,218422.0,2010
"AL, N    ",19840.0,10105,91,9,9635,410.0,19430.0,2010
"AL, M    ",8157.0,2413,42,5,5697,211.0,7946.0,2010
"AL, S    ",6166.0,2142,51,1,3972,130.0,6036.0,2010
"FL, N    ",5469.0,4810,40,2,617,315.0,5154.0,2010
"FL, M    ",66688.0,49756,773,28,16125,2856.0,63832.0,2010
"FL, S    ",40909.0,29772,388,5,10738,1709.0,39200.0,2010
"GA, N    ",56016.0,34202,331,9,21474,1863.0,54153.0,2010
"GA, M    ",12843.0,5246,79,33,7485,461.0,12382.0,2010
"GA, S    ",10615.0,2668,103,11,7833,326.0,10289.0,2010
CHAPTER 9,,,CHAPTER 15,,,,,2010
SC       ,1.0,045,MA       ,1,011,,,2010
"TX, S    ",1.0,057,"NY, N    ",1,021,,,2010
"IL, S    ",1.0,072,"NY, E    ",2,022,,,2010
"MO, W    ",1.0,086,"NY, S    ",31,023,,,2010
NE       ,2.0,087,"NY, W    ",1,024,,,2010
ID       ,1.0,09H,DE       ,50,030,,,2010
,,,"PA, E    ",11,032,,,2010
,,,"PA, M    ",1,033,,,2010
,,,"TX, E    ",1,056,,,2010
,,,"TX, S    ",2,057,,,2010
,,,"IL, N    ",1,070,,,2010
,,,"IN, N    ",1,073,,,2010
,,,AZ       ,4,09B,,,2010
,,,"CA, N    ",3,09C,,,2010
,,,"CA, C    ",1,09E,,,2010
,,,HI       ,1,09G,,,2010
,,,"FL, M    ",6,11E,,,2010
,,,"FL, S    ",6,11F,,,2010
"NY, S    ",12195.0,9854,555,3,1768,915.0,11280.0,2011
"NY, W    ",7087.0,5220,34,3,1830,264.0,6823.0,2011
VT       ,1140.0,926,1,3,210,46.0,1094.0,2011
    3RD  ,75776.0,56262,1158,24,18312,3078.0,72698.0,2011
DE       ,4219.0,2515,538,4,1143,645.0,3574.0,2011
NJ       ,37957.0,29878,322,3,7754,1215.0,36742.0,2011
"PA, E    ",13338.0,9085,116,8,4129,489.0,12849.0,2011
"PA, M    ",8797.0,6273,44,3,2476,283.0,8514.0,2011
"PA, W    ",11437.0,8489,136,6,2806,436.0,11001.0,2011
VI       ,28.0,22,2,0,4,10.0,18.0,2011
     4TH ,95682.0,62438,835,27,32380,3278.0,92404.0,2011
MD       ,25662.0,20418,183,5,5056,658.0,25004.0,2011
"NC, E    ",9964.0,3489,150,6,6319,457.0,9507.0,2011
"NC, M    ",6130.0,3003,33,0,3094,301.0,5829.0,2011
"NC, W    ",7441.0,5126,105,7,2203,389.0,7052.0,2011
SC       ,8105.0,3847,107,3,4146,388.0,7717.0,2011
"VA, E    ",25858.0,16985,176,2,8695,716.0,25142.0,2011
"VA, W    ",7734.0,5423,32,2,2277,176.0,7558.0,2011
"WV, N    ",2220.0,1929,16,1,274,98.0,2122.0,2011
"WV, S    ",2568.0,2218,33,1,316,95.0,2473.0,2011
     5TH ,83229.0,37442,1096,48,44637,4541.0,78688.0,2011
"LA, E    ",4316.0,2302,42,0,1972,234.0,4082.0,2011
"LA, M    ",2044.0,1036,10,1,997,88.0,1956.0,2011
"LA, W    ",11187.0,2901,46,15,8225,300.0,10887.0,2011
"MS, N    ",6101.0,3022,34,5,3040,175.0,5926.0,2011
"MS, S    ",7626.0,4487,38,0,3101,231.0,7395.0,2011
"TX, N    ",18295.0,8210,307,11,9763,1166.0,17129.0,2011
"TX, E    ",6852.0,3441,105,7,3299,505.0,6347.0,2011
"TX, S    ",14694.0,5801,312,3,8577,980.0,13714.0,2011
"TX, W    ",12114.0,6242,202,6,5663,862.0,11252.0,2011
    6TH  ,185693.0,131656,648,60,53328,4412.0,181281.0,2011
"KY, E    ",10862.0,8083,31,3,2744,232.0,10630.0,2011
"KY, W    ",11331.0,8442,37,7,2845,248.0,11083.0,2011
"MI, E    ",44042.0,36487,170,10,7375,1101.0,42941.0,2011
"MI, W    ",13794.0,11846,36,9,1903,498.0,13296.0,2011
"OH, N    ",30743.0,24963,82,1,5697,712.0,30031.0,2011
"OH, S    ",28011.0,19465,59,13,8474,660.0,27351.0,2011
"TN, E    ",15996.0,9540,75,13,6368,350.0,15646.0,2011
"TN, M    ",13060.0,7665,109,2,5284,369.0,12691.0,2011
"TN, W    ",17854.0,5165,49,2,12638,242.0,17612.0,2011
     7TH ,139854.0,104834,571,47,34402,3660.0,136194.0,2011
"IL, N    ",59093.0,43878,334,0,14881,1832.0,57261.0,2011
"IL, C    ",8814.0,7071,21,1,1721,192.0,8622.0,2011
"IL, S    ",5303.0,3344,11,3,1945,111.0,5192.0,2011
"IN, N    ",15909.0,12493,31,2,3383,262.0,15647.0,2011
"IN, S    ",23427.0,16699,87,5,6636,467.0,22960.0,2011
"WI, E    ",19430.0,14611,43,17,4759,497.0,18933.0,2011
"WI, W    ",7878.0,6738,44,19,1077,299.0,7579.0,2011
     8TH ,80783.0,60213,341,66,20158,2481.0,78302.0,2011
"AR, E    ",8676.0,4211,30,4,4431,196.0,8480.0,2011
"AR, W    ",5928.0,3658,38,14,2217,228.0,5700.0,2011
"IA, N    ",2924.0,2752,10,5,157,159.0,2765.0,2011
"IA, S    ",5041.0,4479,14,5,543,197.0,4844.0,2011
MN       ,19382.0,16420,85,11,2866,691.0,18691.0,2011
"MO, E    ",15674.0,11428,32,3,4211,251.0,15423.0,2011
"MO, W    ",13409.0,9770,82,5,3552,388.0,13021.0,2011
NE       ,6603.0,4678,31,12,1878,225.0,6378.0,2011
ND       ,1269.0,1120,7,0,142,47.0,1222.0,2011
SD       ,1877.0,1697,12,7,161,99.0,1778.0,2011
     9TH ,365658.0,277863,3369,129,84287,12225.0,353433.0,2011
AK       ,999.0,839,5,0,155,58.0,941.0,2011
AZ       ,36556.0,30853,464,12,5226,1351.0,35205.0,2011
"CA, N    ",35253.0,22330,397,22,12500,1313.0,33940.0,2011
"CA, E    ",48911.0,38400,240,34,10237,1316.0,47595.0,2011
"CA, C    ",134501.0,99170,1165,9,34154,4313.0,130188.0,2011
"CA, S    ",21486.0,17058,156,2,4270,616.0,20870.0,2011
HI       ,3352.0,2585,24,2,741,165.0,3187.0,2011
ID       ,7666.0,6722,54,14,875,305.0,7361.0,2011
MT       ,2595.0,2169,26,8,392,115.0,2480.0,2011
NV       ,24519.0,18842,479,4,5194,989.0,23530.0,2011
OR       ,17681.0,13886,58,13,3724,549.0,17132.0,2011
"WA, E    ",6337.0,4925,46,5,1361,201.0,6136.0,2011
"WA, W    ",25659.0,19974,255,4,5425,923.0,24736.0,2011
GUAM     ,141.0,108,0,0,33,10.0,131.0,2011
NMI      ,2.0,2,0,0,0,1.0,1.0,2011
     10TH,79095.0,61441,406,48,17199,2749.0,76346.0,2011
CO       ,30409.0,25225,139,2,5043,1162.0,29247.0,2011
KS       ,10073.0,6882,63,25,3103,298.0,9775.0,2011
NM       ,5674.0,5149,51,1,473,203.0,5471.0,2011
"OK, N    ",3796.0,3371,10,3,412,141.0,3655.0,2011
"OK, E    ",2008.0,1792,5,2,208,49.0,1959.0,2011
"OK, W    ",7315.0,5678,32,11,1594,216.0,7099.0,2011
UT       ,18415.0,12185,90,3,6137,597.0,17818.0,2011
WY       ,1405.0,1159,16,1,229,83.0,1322.0,2011
     11TH,199061.0,119137,1574,83,78260,6899.0,192162.0,2011
"AL, N    ",17135.0,8057,84,10,8983,376.0,16759.0,2011
"AL, M    ",7839.0,2095,41,4,5699,166.0,7673.0,2011
"AL, S    ",5420.0,1740,39,2,3639,99.0,5321.0,2011
"FL, N    ",4413.0,3798,52,2,561,317.0,4096.0,2011
"FL, M    ",53555.0,39924,584,17,13029,2389.0,51166.0,2011
"FL, S    ",36847.0,27214,344,5,9281,1310.0,35537.0,2011
"GA, N    ",52649.0,29619,306,9,22714,1574.0,51075.0,2011
"GA, M    ",11607.0,4445,42,29,7091,407.0,11200.0,2011
"GA, S    ",9596.0,2245,82,5,7263,261.0,9335.0,2011
CHAPTER 9,,,CHAPTER 15,,,,,2011
RI       ,1.0,013,MA       ,1,011,,,2011
"NY, E    ",1.0,022,"NY, E    ",1,022,,,2011
"PA, M    ",1.0,033,"NY, S    ",15,023,,,2011
SC       ,2.0,045,DE       ,19,030,,,2011
"AR, W    ",1.0,081,"TX, N    ",4,055,,,2011
NE       ,4.0,087,"TX, S    ",1,057,,,2011
"CA, N    ",1.0,09C,"TX, W    ",1,058,,,2011
ID       ,1.0,09H,"KY, E    ",1,060,,,2011
"AL, N    ",1.0,11A,AZ       ,1,09B,,,2011
,,,"CA, N    ",3,09C,,,2011
,,,"CA, C    ",3,09E,,,2011
,,,"WA, W    ",1,09M,,,2011
,,,"OK, E    ",1,10E,,,2011
,,,"FL, M    ",1,11E,,,2011
,,,"FL, S    ",3,11F,,,2011
,,,"GA, N    ",1,11G,,,2011
,,,"GA, S    ",1,11I,,,2011
"NY, S    ",10622.0,8317,751,1,1516,1108.0,9514.0,2012
"NY, W    ",6192.0,4455,52,3,1682,245.0,5947.0,2012
VT       ,1030.0,819,2,4,204,54.0,976.0,2012
    3RD  ,64632.0,46328,1245,20,16981,2945.0,61687.0,2012
DE       ,3757.0,2196,640,2,861,834.0,2923.0,2012
NJ       ,31534.0,24341,307,1,6885,1043.0,30491.0,2012
"PA, E    ",12275.0,7895,129,2,4249,447.0,11828.0,2012
"PA, M    ",7547.0,5223,39,5,2280,237.0,7310.0,2012
"PA, W    ",9489.0,6656,123,10,2700,374.0,9115.0,2012
VI       ,30.0,17,7,0,6,10.0,20.0,2012
     4TH ,86841.0,54246,700,27,31867,2769.0,84072.0,2012
MD       ,23814.0,19027,175,3,4609,614.0,23200.0,2012
"NC, E    ",9271.0,2857,171,9,6234,437.0,8834.0,2012
"NC, M    ",5697.0,2373,20,2,3302,262.0,5435.0,2012
"NC, W    ",6585.0,4149,65,6,2365,268.0,6317.0,2012
SC       ,8000.0,3472,66,5,4457,309.0,7691.0,2012
"VA, E    ",22565.0,14185,145,0,8234,581.0,21984.0,2012
"VA, W    ",6897.0,4707,26,1,2163,155.0,6742.0,2012
"WV, N    ",1737.0,1483,14,0,240,70.0,1667.0,2012
"WV, S    ",2275.0,1993,18,1,263,73.0,2202.0,2012
     5TH ,77254.0,33222,834,38,43156,3622.0,73632.0,2012
"LA, E    ",3907.0,2052,37,1,1816,205.0,3702.0,2012
"LA, M    ",1898.0,1057,15,0,826,59.0,1839.0,2012
"LA, W    ",10502.0,2632,41,4,7825,222.0,10280.0,2012
"MS, N    ",5657.0,2537,29,6,3085,131.0,5526.0,2012
"MS, S    ",6909.0,3897,37,1,2974,192.0,6717.0,2012
"TX, N    ",17864.0,7550,234,15,10065,976.0,16888.0,2012
"TX, E    ",6423.0,3060,87,2,3274,454.0,5969.0,2012
"TX, S    ",12999.0,4834,198,3,7961,689.0,12310.0,2012
"TX, W    ",11095.0,5603,156,6,5330,694.0,10401.0,2012
    6TH  ,164684.0,114588,641,47,49401,3518.0,161166.0,2012
"KY, E    ",9602.0,7020,31,7,2544,175.0,9427.0,2012
"KY, W    ",10300.0,7461,46,5,2788,228.0,10072.0,2012
"MI, E    ",38034.0,31145,213,8,6664,881.0,37153.0,2012
"MI, W    ",11946.0,10146,42,5,1753,409.0,11537.0,2012
"OH, N    ",26178.0,21428,53,5,4689,576.0,25602.0,2012
"OH, S    ",24398.0,17125,39,1,7233,493.0,23905.0,2012
"TN, E    ",14260.0,8117,46,13,6084,259.0,14001.0,2012
"TN, M    ",12223.0,7287,109,2,4825,308.0,11915.0,2012
"TN, W    ",17743.0,4859,62,1,12821,189.0,17554.0,2012
     7TH ,130748.0,94249,605,46,35847,3287.0,127461.0,2012
"IL, N    ",56954.0,39699,339,0,16916,1644.0,55310.0,2012
"IL, C    ",7462.0,5994,41,1,1426,171.0,7291.0,2012
"IL, S    ",4696.0,3003,13,2,1678,90.0,4606.0,2012
"IN, N    ",14430.0,10942,46,6,3436,227.0,14203.0,2012
"IN, S    ",21751.0,15288,69,3,6390,462.0,21289.0,2012
"WI, E    ",18442.0,13416,48,13,4965,410.0,18032.0,2012
"WI, W    ",7013.0,5907,49,21,1036,283.0,6730.0,2012
     8TH ,72884.0,53218,332,43,19281,2185.0,70699.0,2012
"AR, E    ",7870.0,3646,28,2,4193,161.0,7709.0,2012
"AR, W    ",5044.0,3081,17,8,1937,202.0,4842.0,2012
"IA, N    ",2403.0,2222,6,8,166,108.0,2295.0,2012
"IA, S    ",4008.0,3581,13,1,412,147.0,3861.0,2012
MN       ,16998.0,14074,46,13,2862,596.0,16402.0,2012
"MO, E    ",15914.0,11311,139,1,4463,390.0,15524.0,2012
"MO, W    ",12303.0,8969,56,2,3276,327.0,11976.0,2012
NE       ,5815.0,4063,24,5,1720,166.0,5649.0,2012
ND       ,978.0,866,2,1,109,33.0,945.0,2012
SD       ,1551.0,1405,1,2,143,55.0,1496.0,2012
     9TH ,288797.0,223522,2616,101,62545,9664.0,279133.0,2012
AK       ,753.0,616,5,1,131,51.0,702.0,2012
AZ       ,28514.0,24304,442,1,3765,1134.0,27380.0,2012
"CA, N    ",27637.0,16536,285,20,10795,1095.0,26542.0,2012
"CA, E    ",36760.0,29271,192,38,7253,1009.0,35751.0,2012
"CA, C    ",105515.0,81128,904,7,23473,3509.0,102006.0,2012
"CA, S    ",17410.0,13758,102,1,3549,514.0,16896.0,2012
HI       ,2625.0,1959,13,2,651,79.0,2546.0,2012
ID       ,6322.0,5612,33,12,665,230.0,6092.0,2012
MT       ,2109.0,1749,23,1,336,103.0,2006.0,2012
NV       ,17823.0,14197,345,1,3279,624.0,17199.0,2012
OR       ,15281.0,11937,56,11,3277,424.0,14857.0,2012
"WA, E    ",5575.0,4453,24,5,1093,144.0,5431.0,2012
"WA, W    ",22293.0,17855,188,1,4249,740.0,21553.0,2012
GUAM     ,171.0,140,2,0,29,6.0,165.0,2012
NMI      ,9.0,7,2,0,0,2.0,7.0,2012
     10TH,70243.0,54419,355,27,15441,2109.0,68134.0,2012
CO       ,26809.0,22111,147,4,4547,906.0,25903.0,2012
KS       ,9097.0,5848,59,6,3184,249.0,8848.0,2012
NM       ,4810.0,4355,48,2,405,182.0,4628.0,2012
"OK, N    ",3534.0,3131,6,1,396,109.0,3425.0,2012
"OK, E    ",1862.0,1673,2,3,183,46.0,1816.0,2012
"OK, W    ",6574.0,5196,19,9,1350,156.0,6418.0,2012
UT       ,16266.0,11006,53,0,5207,378.0,15888.0,2012
WY       ,1291.0,1099,21,2,169,83.0,1208.0,2012
     11TH,174867.0,101713,1308,51,71789,5733.0,169134.0,2012
"AL, N    ",15644.0,7327,60,4,8252,302.0,15342.0,2012
"AL, M    ",7928.0,1907,19,1,6001,165.0,7763.0,2012
"AL, S    ",4635.0,1425,30,0,3180,82.0,4553.0,2012
"FL, N    ",3784.0,3182,48,1,553,255.0,3529.0,2012
"FL, M    ",46004.0,33593,491,14,11903,1970.0,44034.0,2012
"FL, S    ",31989.0,22574,305,1,9109,1060.0,30929.0,2012
"GA, N    ",45343.0,25685,237,10,19411,1357.0,43986.0,2012
"GA, M    ",10685.0,3943,60,14,6668,332.0,10353.0,2012
"GA, S    ",8855.0,2077,58,6,6712,210.0,8645.0,2012
Chapter 9,,,Chapter 15,,,,,2012
"NY, E    ",1.0,022,MA       ,1,011,,,2012
"TX, S    ",1.0,057,"NY, S    ",37,023,,,2012
"AR, E    ",1.0,080,VT       ,1,025,,,2012
"AR, W    ",1.0,081,DE       ,58,030,,,2012
MN       ,3.0,084,"VA, E    ",1,046,,,2012
NE       ,3.0,087,"LA, E    ",1,050,,,2012
"CA, N    ",1.0,09C,"TX, S    ",2,057,,,2012
"CA, E    ",3.0,09D,"MI, E    ",4,062,,,2012
"CA, C    ",1.0,09E,"OH, N    ",3,064,,,2012
"OK, E    ",1.0,10E,"IN, S    ",1,074,,,2012
"FL, M    ",2.0,11E,"IA, N    ",1,082,,,2012
"GA, S    ",2.0,11I,"IA, S    ",1,083,,,2012
,,,AZ       ,2,09B,,,2012
,,,"CA, E    ",3,09D,,,2012
,,,"CA, C    ",2,09E,,,2012
,,,NV       ,1,09J,,,2012
,,,"AL, N    ",1,11A,,,2012
,,,"FL, M    ",1,11E,,,2012
"NY, S    ",9284.0,7374,424,1,1465,740.0,8544.0,2013
"NY, W    ",5588.0,3948,48,2,1590,210.0,5378.0,2013
VT       ,923.0,739,4,1,179,45.0,878.0,2013
    3RD  ,59944.0,41296,1411,14,17191,2871.0,57073.0,2013
DE       ,3424.0,1865,807,0,721,974.0,2450.0,2013
NJ       ,29370.0,22439,323,2,6606,934.0,28436.0,2013
"PA, E    ",11879.0,6945,123,5,4805,432.0,11447.0,2013
"PA, M    ",6763.0,4534,50,1,2178,219.0,6544.0,2013
"PA, W    ",8484.0,5493,108,6,2877,304.0,8180.0,2013
VI       ,24.0,20,0,0,4,8.0,16.0,2013
     4TH ,79537.0,47903,646,20,30968,2256.0,77281.0,2013
MD       ,23118.0,17304,176,3,5635,555.0,22563.0,2013
"NC, E    ",8183.0,2511,130,1,5541,320.0,7863.0,2013
"NC, M    ",4945.0,2113,31,3,2798,204.0,4741.0,2013
"NC, W    ",5675.0,3305,53,4,2313,222.0,5453.0,2013
SC       ,7702.0,3149,60,3,4490,234.0,7468.0,2013
"VA, E    ",19852.0,12131,136,1,7584,477.0,19375.0,2013
"VA, W    ",6399.0,4300,22,3,2074,119.0,6280.0,2013
"WV, N    ",1598.0,1346,10,0,242,58.0,1540.0,2013
"WV, S    ",2065.0,1744,28,2,291,67.0,1998.0,2013
     5TH ,69100.0,29175,759,20,39145,3036.0,66064.0,2013
"LA, E    ",3745.0,1934,35,0,1776,200.0,3545.0,2013
"LA, M    ",1757.0,960,10,0,787,51.0,1706.0,2013
"LA, W    ",10388.0,2334,40,5,8009,120.0,10268.0,2013
"MS, N    ",5516.0,2307,31,2,3176,123.0,5393.0,2013
"MS, S    ",7357.0,3943,27,2,3385,178.0,7179.0,2013
"TX, N    ",14585.0,6152,233,5,8194,815.0,13770.0,2013
"TX, E    ",5596.0,2632,67,2,2895,344.0,5252.0,2013
"TX, S    ",10728.0,4164,195,3,6366,622.0,10106.0,2013
"TX, W    ",9428.0,4749,121,1,4557,583.0,8845.0,2013
    6TH  ,150779.0,103304,620,51,46801,2914.0,147865.0,2013
"KY, E    ",9213.0,6701,42,4,2466,187.0,9026.0,2013
"KY, W    ",9265.0,6679,35,4,2545,168.0,9097.0,2013
"MI, E    ",31768.0,25965,176,15,5611,657.0,31111.0,2013
"MI, W    ",10504.0,8891,40,8,1565,332.0,10172.0,2013
"OH, N    ",26089.0,21027,53,5,5004,483.0,25606.0,2013
"OH, S    ",21803.0,15459,58,6,6280,463.0,21340.0,2013
"TN, E    ",13297.0,7353,62,5,5877,244.0,13053.0,2013
"TN, M    ",11213.0,6522,94,4,4593,223.0,10990.0,2013
"TN, W    ",17627.0,4707,60,0,12860,157.0,17470.0,2013
     7TH ,123550.0,86227,510,36,36777,2793.0,120757.0,2013
"IL, N    ",55094.0,36303,302,1,18488,1423.0,53671.0,2013
"IL, C    ",6762.0,5256,25,1,1480,138.0,6624.0,2013
"IL, S    ",4807.0,2974,11,1,1821,82.0,4725.0,2013
"IN, N    ",13617.0,10415,34,5,3163,206.0,13411.0,2013
"IN, S    ",20229.0,13987,83,1,6158,375.0,19854.0,2013
"WI, E    ",16801.0,12102,26,5,4668,330.0,16471.0,2013
"WI, W    ",6240.0,5190,29,22,999,239.0,6001.0,2013
     8TH ,63718.0,45815,255,43,17600,1698.0,62020.0,2013
"AR, E    ",7673.0,3353,23,3,4293,144.0,7529.0,2013
"AR, W    ",4579.0,2585,35,9,1950,162.0,4417.0,2013
"IA, N    ",2189.0,2061,3,3,122,86.0,2103.0,2013
"IA, S    ",3558.0,3179,7,1,371,144.0,3414.0,2013
MN       ,14450.0,12030,73,8,2338,465.0,13985.0,2013
"MO, E    ",13768.0,9741,26,0,4000,218.0,13550.0,2013
"MO, W    ",10195.0,7379,48,5,2763,230.0,9965.0,2013
NE       ,5169.0,3556,29,10,1572,153.0,5016.0,2013
ND       ,827.0,744,6,0,77,35.0,792.0,2013
SD       ,1310.0,1187,5,4,114,61.0,1249.0,2013
     9TH ,222544.0,177219,2012,61,43230,7748.0,214796.0,2013
AK       ,593.0,476,6,0,100,62.0,531.0,2013
AZ       ,23381.0,20094,303,4,2976,867.0,22514.0,2013
"CA, N    ",19197.0,11863,203,13,7117,798.0,18399.0,2013
"CA, E    ",28809.0,23092,133,21,5563,842.0,27967.0,2013
"CA, C    ",75581.0,61127,725,2,13726,2685.0,72896.0,2013
"CA, S    ",12898.0,10393,88,0,2416,458.0,12440.0,2013
HI       ,2093.0,1549,20,1,523,104.0,1989.0,2013
ID       ,5574.0,5067,24,5,478,184.0,5390.0,2013
MT       ,1807.0,1538,15,2,252,88.0,1719.0,2013
NV       ,13927.0,11316,277,2,2332,544.0,13383.0,2013
OR       ,13610.0,11045,43,8,2514,364.0,13246.0,2013
"WA, E    ",5182.0,4115,27,1,1039,117.0,5065.0,2013
"WA, W    ",19730.0,15418,147,2,4160,624.0,19106.0,2013
GUAM     ,156.0,120,1,0,34,10.0,146.0,2013
NMI      ,6.0,6,0,0,0,1.0,5.0,2013
     10TH,61940.0,47941,272,29,13692,1707.0,60233.0,2013
CO       ,22629.0,18971,113,3,3537,740.0,21889.0,2013
KS       ,8493.0,5252,41,15,3185,183.0,8310.0,2013
NM       ,4330.0,3913,34,0,383,148.0,4182.0,2013
"OK, N    ",3123.0,2777,6,1,339,84.0,3039.0,2013
"OK, E    ",1610.0,1459,3,1,147,43.0,1567.0,2013
"OK, W    ",5903.0,4709,24,8,1161,153.0,5750.0,2013
UT       ,14606.0,9764,40,1,4801,295.0,14311.0,2013
WY       ,1246.0,1096,11,0,139,61.0,1185.0,2013
     11TH,161832.0,91101,1222,54,69450,4751.0,157081.0,2013
"AL, N    ",14685.0,7012,56,2,7615,278.0,14407.0,2013
"AL, M    ",7935.0,1775,24,4,6132,111.0,7824.0,2013
"AL, S    ",4670.0,1425,22,0,3223,81.0,4589.0,2013
"FL, N    ",3341.0,2765,46,5,525,220.0,3121.0,2013
"FL, M    ",41167.0,29390,440,16,11319,1617.0,39550.0,2013
"FL, S    ",31917.0,20693,307,9,10905,963.0,30954.0,2013
"GA, N    ",39333.0,22565,232,11,16525,1044.0,38289.0,2013
"GA, M    ",10068.0,3509,43,5,6511,268.0,9800.0,2013
"GA, S    ",8716.0,1967,52,2,6695,169.0,8547.0,2013
Chapter 9,,,Chapter 15,,,,,2013
"TX, N    ",1.0,055,"NY, E    ",4,022,,,2013
"KY, W    ",2.0,061,"NY, S    ",20,023,,,2013
"MI, E    ",1.0,062,DE       ,31,030,,,2013
"AR, E    ",1.0,080,"PA, E    ",1,032,,,2013
NE       ,2.0,087,MN       ,1,084,,,2013
"OK, W    ",1.0,10F,"MO, E    ",1,085,,,2013
"FL, M    ",1.0,11E,AK       ,11,09A,,,2013
,,,AZ       ,4,09B,,,2013
,,,"CA, N    ",1,09C,,,2013
,,,"CA, C    ",1,09E,,,2013
,,,"CA, S    ",1,09F,,,2013
,,,"WA, W    ",3,09M,,,2013
,,,GUAM     ,1,09N,,,2013
,,,CO       ,5,10A,,,2013
,,,"FL, S    ",3,11F,,,2013
"NY, S    ",8046.0,6221,442,1,1361,707,7339.0,2014
"NY, W    ",4843.0,3498,38,4,1303,182,4661.0,2014
VT       ,715.0,542,1,2,170,43,672.0,2014
    3RD  ,54120.0,36680,985,15,16424,2258,51862.0,2014
DE       ,2902.0,1705,432,3,750,578,2324.0,2014
NJ       ,27271.0,20006,314,2,6945,854,26417.0,2014
"PA, E    ",10335.0,5944,109,3,4279,364,9971.0,2014
"PA, M    ",6100.0,3937,48,2,2113,227,5873.0,2014
"PA, W    ",7491.0,5075,82,5,2329,233,7258.0,2014
VI       ,21.0,13,0,0,8,2,19.0,2014
     4TH ,71886.0,42105,553,20,29207,1929,69957.0,2014
MD       ,20323.0,14672,158,2,5491,468,19855.0,2014
"NC, E    ",7680.0,2325,109,7,5239,269,7411.0,2014
"NC, M    ",4417.0,1878,24,2,2513,132,4285.0,2014
"NC, W    ",4622.0,2604,35,0,1983,156,4466.0,2014
SC       ,7386.0,3029,35,4,4317,213,7173.0,2014
"VA, E    ",18335.0,10938,137,2,7258,468,17867.0,2014
"VA, W    ",5711.0,3718,14,2,1977,106,5605.0,2014
"WV, N    ",1426.0,1225,13,1,187,48,1378.0,2014
"WV, S    ",1986.0,1716,28,0,242,69,1917.0,2014
     5TH ,62608.0,25044,663,27,36873,2728,59880.0,2014
"LA, E    ",3563.0,1631,34,1,1897,166,3397.0,2014
"LA, M    ",1674.0,853,9,0,812,47,1627.0,2014
"LA, W    ",9762.0,1899,85,6,7772,175,9587.0,2014
"MS, N    ",4858.0,2010,26,1,2821,95,4763.0,2014
"MS, S    ",6248.0,3190,33,1,3023,171,6077.0,2014
"TX, N    ",13199.0,5491,176,12,7520,713,12486.0,2014
"TX, E    ",5087.0,2394,62,2,2629,321,4766.0,2014
"TX, S    ",9728.0,3529,153,4,6042,526,9202.0,2014
"TX, W    ",8489.0,4047,85,0,4357,514,7975.0,2014
    6TH  ,133024.0,89060,426,30,43508,2213,130811.0,2014
"KY, E    ",8475.0,6108,19,3,2345,145,8330.0,2014
"KY, W    ",8508.0,6245,35,1,2227,134,8374.0,2014
"MI, E    ",27107.0,21564,111,16,5416,454,26653.0,2014
"MI, W    ",8581.0,7095,39,3,1444,226,8355.0,2014
"OH, N    ",22048.0,18072,36,0,3940,387,21661.0,2014
"OH, S    ",19230.0,13517,23,2,5688,340,18890.0,2014
"TN, E    ",12113.0,6570,48,4,5491,160,11953.0,2014
"TN, M    ",10343.0,5837,81,1,4424,217,10126.0,2014
"TN, W    ",16619.0,4052,34,0,12533,150,16469.0,2014
     7TH ,111818.0,76066,411,31,35310,2205,109613.0,2014
"IL, N    ",51274.0,31670,217,1,19386,1051,50223.0,2014
"IL, C    ",6018.0,4880,26,1,1111,133,5885.0,2014
"IL, S    ",4215.0,2672,17,0,1526,83,4132.0,2014
"IN, N    ",11649.0,8837,23,2,2787,145,11504.0,2014
"IN, S    ",17586.0,12129,75,5,5377,339,17247.0,2014
"WI, E    ",15597.0,11264,26,8,4299,265,15332.0,2014
"WI, W    ",5479.0,4614,27,14,824,189,5290.0,2014
     8TH ,56208.0,40043,167,45,15946,1361,54847.0,2014
"AR, E    ",7251.0,3128,15,7,4101,111,7140.0,2014
"AR, W    ",3985.0,2233,24,9,1717,124,3861.0,2014
"IA, N    ",1950.0,1833,3,3,111,62,1888.0,2014
"IA, S    ",3129.0,2774,17,1,337,108,3021.0,2014
MN       ,12190.0,10315,31,9,1835,394,11796.0,2014
"MO, E    ",12195.0,8446,26,1,3721,181,12014.0,2014
"MO, W    ",8975.0,6450,35,5,2485,183,8792.0,2014
NE       ,4635.0,3153,12,9,1457,117,4518.0,2014
ND       ,701.0,626,1,1,73,34,667.0,2014
SD       ,1197.0,1085,3,0,109,47,1150.0,2014
     9TH ,176762.0,140214,1589,51,34900,5975,170787.0,2014
AK       ,456.0,378,1,1,76,44,412.0,2014
AZ       ,19898.0,17103,298,8,2489,677,19221.0,2014
"CA, N    ",14552.0,8629,220,11,5691,748,13804.0,2014
"CA, E    ",21057.0,17126,96,15,3820,579,20478.0,2014
"CA, C    ",57356.0,45710,502,3,11140,2035,55321.0,2014
"CA, S    ",10414.0,8381,55,0,1977,380,10034.0,2014
HI       ,1731.0,1216,10,0,505,64,1667.0,2014
ID       ,4742.0,4246,19,6,471,130,4612.0,2014
MT       ,1554.0,1346,11,0,197,74,1480.0,2014
NV       ,11184.0,9108,210,2,1859,427,10757.0,2014
OR       ,12305.0,10031,31,2,2241,246,12059.0,2014
"WA, E    ",4672.0,3736,14,2,920,91,4581.0,2014
"WA, W    ",16706.0,13097,122,1,3486,473,16233.0,2014
GUAM     ,131.0,103,0,0,28,7,124.0,2014
NMI      ,4.0,4,0,0,0,0,4.0,2014
     10TH,53612.0,40674,202,17,12715,1317,52295.0,2014
CO       ,17632.0,14823,73,2,2730,475,17157.0,2014
KS       ,7511.0,4429,34,7,3041,201,7310.0,2014
NM       ,3830.0,3511,35,0,284,130,3700.0,2014
"OK, N    ",2799.0,2501,3,1,294,80,2719.0,2014
"OK, E    ",1553.0,1409,8,2,134,28,1525.0,2014
"OK, W    ",5603.0,4366,22,4,1211,127,5476.0,2014
UT       ,13725.0,8785,18,0,4922,229,13496.0,2014
WY       ,959.0,850,9,1,99,47,912.0,2014
     11TH,146814.0,77905,1018,58,67828,3809,143005.0,2014
"AL, N    ",13001.0,6425,43,1,6532,205,12796.0,2014
"AL, M    ",7942.0,1579,9,1,6353,91,7851.0,2014
"AL, S    ",4305.0,1301,28,1,2975,67,4238.0,2014
"FL, N    ",3016.0,2416,47,4,549,178,2838.0,2014
"FL, M    ",36268.0,25096,400,18,10750,1408,34860.0,2014
"FL, S    ",29313.0,17048,278,7,11979,705,28608.0,2014
"GA, N    ",35362.0,19383,165,11,15803,846,34516.0,2014
"GA, M    ",9333.0,2899,35,11,6388,190,9143.0,2014
"GA, S    ",8274.0,1758,13,4,6499,119,8155.0,2014
Chapter 9,,,Chapter 15,,,,,2014
RI       ,1.0,013,"NY, E    ",6,022,,,2014
SC       ,1.0,045,"NY, S    ",21,023,,,2014
"MS, S    ",1.0,054,DE       ,12,030,,,2014
"AR, W    ",2.0,081,NJ       ,4,031,,,2014
"MO, E    ",1.0,085,"CA, C    ",1,09E,,,2014
NE       ,4.0,087,"CA, S    ",1,09F,,,2014
"CA, N    ",1.0,09C,NV       ,5,09J,,,2014
CO       ,1.0,10A,CO       ,3,10A,,,2014
,,,"FL, M    ",4,11E,,,2014
,,,"FL, S    ",1,11F,,,2014
RI,4907,4502,8,0,397,65,4842.0,2002
PR,13811,4110,135,3,9563,351,13460.0,2002
2ND,85867,67496,1887,14,16435,2857,83010.0,2002
CT,11751,9747,125,0,1879,181,11570.0,2002
"NY,N",16310,12952,75,10,3272,346,15964.0,2002
"NY,E",26218,20119,208,0,5891,337,25881.0,2002
"NY,S",16409,13033,1424,0,1918,1598,14811.0,2002
"NY,W",13353,10037,49,4,3263,304,13049.0,2002
VT,1826,1608,6,0,212,91,1735.0,2002
3RD,99649,65595,1299,6,32727,2609,97040.0,2002
DE,3789,2006,561,0,1201,649,3140.0,2002
NJ,40999,25922,349,1,14726,689,40310.0,2002
"PA,E",24887,13805,114,2,10966,318,24569.0,2002
"PA,M",12675,9636,61,0,2978,461,12214.0,2002
"PA,W",17239,14191,208,3,2837,484,16755.0,2002
VI,60,35,6,0,19,8,52.0,2002
4TH,141004,89404,941,13,50644,2953,138051.0,2002
MD,35573,23447,412,3,11711,873,34700.0,2002
"NC,E",15072,7543,62,8,7459,225,14847.0,2002
"NC,M",11822,4997,24,0,6801,247,11575.0,2002
"NC,W",9488,4926,58,0,4504,104,9384.0,2002
SC,15753,6822,91,0,8839,178,15575.0,2002
"VA,E",30092,20993,164,1,8934,399,29693.0,2002
"VA,W",12738,10856,39,1,1841,570,12168.0,2002
"WV,N",4446,4133,42,0,271,131,4315.0,2002
"WV,S",6020,5687,49,0,284,226,5794.0,2002
5TH,129580,73695,1264,89,54529,3975,125605.0,2002
"LA,E",9750,6551,61,2,3136,165,9585.0,2002
"LA,M",3692,2630,52,0,1010,68,3624.0,2002
"LA,W",13691,7365,40,21,6265,439,13252.0,2002
"MS,N",8169,5501,45,17,2606,131,8038.0,2002
"MS,S",14228,9174,82,6,4966,178,14050.0,2002
"TX,N",28084,13828,308,20,13928,1160,26924.0,2002
"TX,E",12175,6682,75,7,5411,341,11834.0,2002
"TX,S",21269,11505,427,4,9332,810,20459.0,2002
"TX,W",18522,10459,174,12,7875,683,17839.0,2002
6TH,224908,154075,1056,31,69746,3520,221388.0,2002
"KY,E",12208,10510,184,2,1512,321,11887.0,2002
"KY,W",15060,11950,36,4,3070,124,14936.0,2002
"MI,E",39968,27177,188,3,12600,481,39487.0,2002
"MI,W",15639,11875,64,3,3697,321,15318.0,2002
"OH,N",41983,34403,116,3,7461,971,41012.0,2002
"OH,S",36842,28113,111,10,8608,567,36275.0,2002
"TN,E",19524,12024,62,5,7433,277,19247.0,2002
"TN,M",15477,9638,174,0,5665,251,15226.0,2002
"TN,W",28207,8385,121,1,19700,207,28000.0,2002
7TH,161146,124708,750,64,35622,2757,158389.0,2002
"IL,N",57598,40731,411,2,16453,875,56723.0,2002
"IL,C",15649,13358,45,27,2219,188,15461.0,2002
"IL,S",9084,6541,29,10,2504,177,8907.0,2002
"IN,N",20864,17468,41,2,3353,202,20662.0,2002
"IN,S",32656,25547,155,0,6954,459,32197.0,2002
"WI,E",16857,13654,24,8,3170,221,16636.0,2002
"WI,W",8438,7409,45,15,969,635,7803.0,2002
8TH,101586,76675,317,74,24518,3146,98440.0,2002
"AR,E",15107,7984,25,4,7094,148,14959.0,2002
"AR,W",8439,5707,18,1,2712,134,8305.0,2002
"IA,N",4646,4466,13,4,163,207,4439.0,2002
"IA,S",7162,6720,13,5,424,147,7015.0,2002
MN,19487,16219,58,8,3202,1729,17758.0,2002
"MO,E",18264,12206,50,7,6001,181,18083.0,2002
"MO,W",16027,12904,68,4,3050,213,15814.0,2002
NE,7721,5985,58,25,1653,152,7569.0,2002
ND,2074,1974,8,10,82,116,1958.0,2002
SD,2659,2510,6,6,137,119,2540.0,2002
9TH,282594,229465,1942,91,51075,9242,273352.0,2002
AK,1479,1341,14,0,124,120,1359.0,2002
AZ,29716,23538,299,8,5870,756,28960.0,2002
"CA,N",21405,15088,233,0,6082,1266,20139.0,2002
"CA,E",31497,26680,117,34,4665,1232,30265.0,2002
"CA,C",84115,69944,486,2,13674,2413,81702.0,2002
"CA,S",12890,10481,60,0,2348,230,12660.0,2002
HI,4485,4001,20,0,461,53,4432.0,2002
ID,8913,7632,53,14,1214,260,8653.0,2002
MT,4062,3556,20,9,477,120,3942.0,2002
NV,19736,14615,316,0,4803,462,19274.0,2002
OR,24649,21088,59,12,3489,1606,23043.0,2002
"WA,E",10213,7702,74,10,2426,252,9961.0,2002
"WA,W",29030,23445,184,2,5399,446,28584.0,2002
GUAM,379,334,6,0,39,23,356.0,2002
NMI,25,20,1,0,4,3,22.0,2002
10TH,94492,77508,389,73,16521,2777,91715.0,2002
CO,21359,18630,113,9,2607,590,20769.0,2002
KS,14969,12093,43,19,2814,238,14731.0,2002
NM,9274,8383,52,4,835,693,8581.0,2002
"OK,N",6680,6093,10,0,577,264,6416.0,2002
"OK,E",4746,4374,9,7,356,87,4659.0,2002
"OK,W",13071,11239,42,28,1761,256,12815.0,2002
UT,22129,14588,109,6,7426,602,21527.0,2002
WY,2264,2108,11,0,145,47,2217.0,2002
11TH,209749,118617,1040,23,90061,3543,206206.0,2002
"AL,N",24598,11620,113,3,12860,191,24407.0,2002
"AL,M",9842,5190,12,0,4640,128,9714.0,2002
"AL,S",7419,3158,35,0,4226,62,7357.0,2002
"FL,N",6598,5242,33,2,1321,73,6525.0,2002
"FL,M",52923,38069,244,5,14604,852,52071.0,2002
"FL,S",32656,23138,291,1,9221,878,31778.0,2002
"GA,N",42437,20146,237,0,22054,1055,41382.0,2002
"GA,M",17932,7840,44,8,10040,165,17767.0,2002
"GA,S",15344,4214,31,4,11095,139,15205.0,2002
,*THESE FIGURES INCLUDE THE FOLLOWING CASES NOT REFLECTED ELSEWHERE:,,,,,,,2002
,"NY,N...",SECTION,304 = 01,"NY,S...",SECTION,304 = 34,,2002
,NJ.....,SECTION,304 = 01,SC.....,SECTION,304 = 01,,2002
,"TX,S...",CHAPTER,9   = 01,"TX,W...",SECTION,304 = 02,,2002
,"WI,E...",SECTION,304 = 01,"AR,W...",CHAPTER,9   = 01,,2002
,AZ.....,SECTION,304 = 01,"CA,N...",SECTION,304 = 02,,2002
,"CA,C...",SECTION,304 = 09,"CA,S...",SECTION,304 = 01,,2002
,NV.....,SECTION,304 = 02,OR.....,SECTION,304 = 01,,2002
,"OK,W...",SECTION,304 = 01,"AL,N...",CHAPTER,9   = 02,,2002
,"FL,S...",SECTION,304 = 05,,,,,2002
NH,4426,3945,15,0,466,178,4248.0,2003
RI,4557,4206,7,0,344,48,4509.0,2003
PR,14273,4238,128,10,9897,254,14019.0,2003
2ND,89948,71403,1289,33,17180,2252,87696.0,2003
CT,12246,10050,103,4,2088,187,12059.0,2003
"NY,N",17403,13676,68,17,3642,333,17070.0,2003
"NY,E",25950,20245,193,1,5511,293,25657.0,2003
"NY,S",17552,14611,867,1,2031,1059,16493.0,2003
"NY,W",14894,11179,53,9,3653,302,14592.0,2003
VT,1903,1642,5,1,255,78,1825.0,2003
3RD,105770,70020,1183,14,34548,2435,103335.0,2003
DE,3918,2046,423,0,1445,505,3413.0,2003
NJ,42377,27256,354,3,14764,734,41643.0,2003
"PA,E",25800,14251,144,4,11400,350,25450.0,2003
"PA,M",14003,10559,57,2,3385,280,13723.0,2003
"PA,W",19620,15876,205,5,3534,563,19057.0,2003
VI,52,32,0,0,20,3,49.0,2003
4TH,144177,91359,708,34,52073,2439,141738.0,2003
MD,34231,22853,194,2,11182,523,33708.0,2003
"NC,E",15875,8000,73,21,7781,209,15666.0,2003
"NC,M",12681,5770,25,0,6886,182,12499.0,2003
"NC,W",10609,5571,112,2,4922,137,10472.0,2003
SC,16212,7056,64,4,9088,142,16070.0,2003
"VA,E",30528,21018,160,1,9348,406,30122.0,2003
"VA,W",12940,10641,28,2,2269,550,12390.0,2003
"WV,N",4654,4350,21,1,282,101,4553.0,2003
"WV,S",6447,6100,31,1,315,189,6258.0,2003
5TH,143661,81235,1209,105,61107,3934,139727.0,2003
"LA,E",10135,6849,49,0,3237,124,10011.0,2003
"LA,M",4047,2899,16,1,1131,30,4017.0,2003
"LA,W",15393,8304,53,39,6997,345,15048.0,2003
"MS,N",8391,5878,36,17,2460,127,8264.0,2003
"MS,S",13855,9251,63,2,4539,155,13700.0,2003
"TX,N",31469,15385,405,26,15650,1223,30246.0,2003
"TX,E",13264,7607,77,8,5572,326,12938.0,2003
"TX,S",25996,13191,338,3,12463,786,25210.0,2003
"TX,W",21111,11871,172,9,9058,818,20293.0,2003
6TH,247766,171556,839,43,75323,3034,244732.0,2003
"KY,E",13388,11430,29,0,1929,158,13230.0,2003
"KY,W",16509,13088,58,8,3354,169,16340.0,2003
"MI,E",45755,30894,175,5,14677,390,45365.0,2003
"MI,W",16999,13152,57,5,3785,294,16705.0,2003
"OH,N",48456,39921,127,7,8401,878,47578.0,2003
"OH,S",41315,31148,84,12,10071,548,40767.0,2003
"TN,E",20495,12936,66,5,7488,247,20248.0,2003
"TN,M",16498,10126,136,1,6235,201,16297.0,2003
"TN,W",28351,8861,107,0,19383,149,28202.0,2003
7TH,169552,132436,563,64,36488,2353,167199.0,2003
"IL,N",59068,42858,263,3,15944,681,58387.0,2003
"IL,C",16367,13983,35,22,2327,166,16201.0,2003
"IL,S",10076,7297,26,6,2746,144,9932.0,2003
"IN,N",21155,17650,60,7,3438,203,20952.0,2003
"IN,S",34640,27047,110,7,7476,437,34203.0,2003
"WI,E",18850,15393,22,5,3430,191,18659.0,2003
"WI,W",9396,8208,47,14,1127,531,8865.0,2003
8TH,109471,82859,297,146,26166,2962,106509.0,2003
"AR,E",15641,8491,35,9,7106,254,15387.0,2003
"AR,W",8666,5981,17,2,2665,175,8491.0,2003
"IA,N",4940,4734,12,6,188,211,4729.0,2003
"IA,S",7642,7161,16,6,459,112,7530.0,2003
MN,20987,17522,49,24,3392,1379,19608.0,2003
"MO,E",20217,13375,71,9,6761,168,20049.0,2003
"MO,W",17613,14134,48,9,3422,210,17403.0,2003
NE,8625,6638,30,55,1901,238,8387.0,2003
ND,2293,2170,5,20,98,105,2188.0,2003
SD,2847,2653,14,6,174,110,2737.0,2003
9TH,279692,229504,1605,125,48445,8382,271310.0,2003
AK,1510,1362,18,0,130,121,1389.0,2003
AZ,31811,25432,297,3,6079,701,31110.0,2003
"CA,N",22948,16378,221,2,6347,1079,21869.0,2003
"CA,E",31166,26177,83,37,4867,1111,30055.0,2003
"CA,C",75712,65230,375,8,10089,2041,73671.0,2003
"CA,S",11833,9721,111,1,2000,270,11563.0,2003
HI,3795,3294,39,0,462,72,3723.0,2003
ID,9660,8368,44,23,1225,225,9435.0,2003
MT,4385,3867,17,15,486,98,4287.0,2003
NV,20561,15371,137,0,5052,321,20240.0,2003
OR,25370,21541,41,14,3774,1591,23779.0,2003
"WA,E",10480,8037,70,22,2351,260,10220.0,2003
"WA,W",30075,24390,150,0,5535,477,29598.0,2003
GUAM,367,319,2,0,46,12,355.0,2003
NMI,19,17,0,0,2,3,16.0,2003
10TH,103671,86637,345,88,16600,2804,100867.0,2003
CO,25956,23230,79,8,2638,552,25404.0,2003
KS,16192,12984,58,28,3122,303,15889.0,2003
NM,9777,8853,35,4,885,774,9003.0,2003
"OK,N",7710,7041,17,5,647,280,7430.0,2003
"OK,E",5129,4701,14,5,409,70,5059.0,2003
"OK,W",14363,12471,39,36,1817,262,14101.0,2003
UT,22084,15106,88,1,6889,519,21565.0,2003
WY,2460,2251,15,1,193,44,2416.0,2003
11TH,218050,126038,954,49,91001,3406,214644.0,2003
"AL,N",26027,13054,113,2,12858,158,25869.0,2003
"AL,M",8824,4419,19,2,4384,73,8751.0,2003
"AL,S",7570,3143,25,1,4401,56,7514.0,2003
"FL,N",7121,5686,43,0,1392,72,7049.0,2003
"FL,M",55511,39869,237,5,15398,646,54865.0,2003
"FL,S",31792,22647,249,0,8891,816,30976.0,2003
"GA,N",46756,24275,178,3,22299,1239,45517.0,2003
"GA,M",18142,8401,53,31,9657,193,17949.0,2003
"GA,S",16307,4544,37,5,11721,153,16154.0,2003
,* THESE F,IGURES INC,LUDE THE,FOLLOWI,NG CASES,NOT REFLE,,2003
,CT.....,. SECTION,304 = 01,"NY,S..",.. SECTIO,N 304 = 4,,2003
,"PA,E...",. SECTION,304 = 01,"NC,W..",.. SECTIO,N 304 = 0,,2003
,"TX,N...",. SECTION,304 = 03,"TX,S..",.. CHAPTE,R 9   = 0,,2003
,"KY,W...",. SECTION,304 = 01,"MI,E..",.. SECTIO,N 304 = 0,,2003
,"AR,W...",. CHAPTER,9   = 01,"MO,E..",.. CHAPTE,R 9   = 0,,2003
,"CA,E...",. CHAPTER,9   = 02,"CA,C..",.. SECTIO,N 304 = 1,,2003
,CO.....,. SECTION,304 = 01,"FL,M..",.. SECTIO,N 304 = 0,,2003
,"GA,N...",. SECTION,304 = 01,,,,,2003
 DC,2432,2124,22,0,285,46,2386,2005
   1ST,58440,45043,335,20,13042,1744,56696,2005
 ME,6614,6186,22,2,404,144,6470,2005
 MA,26714,23751,137,0,2826,406,26308,2005
 NH,6097,5533,32,1,531,586,5511,2005
 RI,5839,5517,18,2,302,136,5703,2005
 PR,13176,4056,126,15,8979,472,12704,2005
   2ND,127495,110508,1098,21,15817,2346,125149,2005
 CT,15272,13546,46,0,1673,156,15116,2005
" NY,N",24155,19354,45,7,4748,321,23834,2005
" NY,E",36592,33140,163,0,3289,334,36258,2005
" NY,S",26868,24310,790,3,1722,1025,25843,2005
" NY,W",21986,17844,52,9,4081,432,21554,2005
 VT,2622,2314,2,2,304,78,2544,2005
   3RD,132972,101870,739,8,30351,2346,130626,2005
 DE,4368,2997,158,0,1211,218,4150,2005
 NJ,49597,37443,251,0,11903,765,48832,2005
" PA,E",29207,20418,111,1,8675,413,28794,2005
" PA,M",19309,15210,58,2,4039,381,18928,2005
" PA,W",30427,25758,155,5,4509,562,29865,2005
 VI,64,44,6,0,14,7,57,2005
   4TH,156741,113630,435,17,42657,2306,154435,2005
 MD,35345,27895,131,0,7319,760,34585,2005
" NC,E",16994,10165,39,4,6786,220,16774,2005
" NC,M",13140,7745,15,0,5380,309,12831,2005
" NC,W",12880,8871,36,0,3972,83,12797,2005
 SC,15528,7543,48,2,7935,176,15352,2005
" VA,E",31505,23492,89,4,7920,313,31192,2005
" VA,W",13592,10854,27,4,2706,163,13429,2005
" WV,N",6902,6583,18,0,301,197,6705,2005
" WV,S",10855,10482,32,3,338,85,10770,2005
   5TH,181625,126097,777,53,54691,4508,177117,2005
" LA,E",11821,9434,43,1,2343,152,11669,2005
" LA,M",5432,4401,20,1,1010,47,5385,2005
" LA,W",19489,11580,40,18,7850,519,18970,2005
" MS,N",9897,7326,32,10,2529,87,9810,2005
" MS,S",13784,10150,31,2,3601,113,13671,2005
" TX,N",40982,26162,201,13,14601,1376,39606,2005
" TX,E",16992,12435,61,2,4494,452,16540,2005
" TX,S",36551,25003,266,4,11278,932,35619,2005
" TX,W",26677,19606,83,2,6985,830,25847,2005
   6TH,331321,260367,689,38,70227,4153,327168,2005
" KY,E",18893,16599,16,6,2272,202,18691,2005
" KY,W",21381,17746,50,4,3581,207,21174,2005
" MI,E",65909,53072,202,7,12628,648,65261,2005
" MI,W",23564,20680,47,8,2829,423,23141,2005
" OH,N",74826,65243,89,7,9487,1335,73491,2005
" OH,S",60814,49233,80,0,11501,764,60050,2005
" TN,E",22471,16415,45,2,6009,184,22287,2005
" TN,M",16273,10661,102,4,5506,211,16062,2005
" TN,W",27190,10718,58,0,16414,179,27011,2005
   7TH,224205,188485,458,35,35224,2620,221585,2005
" IL,N",72588,60245,238,4,12100,795,71793,2005
" IL,C",21601,19080,29,8,2484,197,21404,2005
" IL,S",12817,9374,14,2,3426,50,12767,2005
" IN,N",31244,27135,46,5,4057,212,31032,2005
" IN,S",47715,38907,78,6,8724,546,47169,2005
" WI,E",25507,22168,20,2,3317,277,25230,2005
" WI,W",12733,11576,33,8,1116,543,12190,2005
   8TH,147387,120891,196,68,26230,3627,143760,2005
" AR,E",19142,11815,25,7,7295,265,18877,2005
" AR,W",11426,8412,15,4,2994,161,11265,2005
" IA,N",7427,7137,11,4,275,295,7132,2005
" IA,S",11282,10634,7,2,639,160,11122,2005
 MN,25789,22251,38,3,3497,1721,24068,2005
" MO,E",26844,21468,29,0,5347,198,26646,2005
" MO,W",25654,21995,33,0,3626,240,25414,2005
 NE,12113,9979,31,32,2070,296,11817,2005
 ND,3539,3355,2,11,171,95,3444,2005
 SD,4171,3845,5,5,316,196,3975,2005
   9TH,335454,298310,1041,57,36038,7485,327969,2005
 AK,2297,2129,11,1,156,83,2214,2005
 AZ,40214,35914,161,1,4137,525,39689,2005
" CA,N",29383,23532,134,1,5715,1089,28294,2005
" CA,E",37402,33743,71,7,3581,914,36488,2005
" CA,C",84304,79999,305,1,3995,2001,82303,2005
" CA,S",15679,13951,44,0,1684,232,15447,2005
 HI,4489,4131,16,0,341,81,4408,2005
 ID,11967,10642,18,9,1298,141,11826,2005
 MT,5899,5400,18,13,468,129,5770,2005
 NV,23786,20059,117,0,3610,333,23453,2005
 OR,32687,28472,17,10,4188,1160,31527,2005
" WA,E",11577,9775,26,9,1767,280,11297,2005
" WA,W",35353,30183,101,5,5063,506,34847,2005
 GUAM,385,349,2,0,34,10,375,2005
 NMI,32,31,0,0,1,1,31,2005
   10TH,143122,127550,240,45,15285,3835,139287,2005
 CO,43293,40355,81,6,2851,1120,42173,2005
 KS,22786,19312,18,24,3432,410,22376,2005
 NM,12420,11693,49,4,674,828,11592,2005
" OK,N",10963,10258,12,0,693,378,10585,2005
" OK,E",7106,6682,6,4,412,117,6989,2005
" OK,W",21362,19348,26,6,1982,449,20913,2005
 UT,21925,16800,38,1,5086,449,21476,2005
 WY,3267,3102,10,0,155,84,3183,2005
   11TH,237221,164142,770,18,72283,4185,233036,2005
" AL,N",30411,18923,74,2,11412,178,30233,2005
" AL,M",9680,5457,40,0,4183,110,9570,2005
" AL,S",7753,4069,21,0,3663,43,7710,2005
" FL,N",7310,6161,22,0,1127,108,7202,2005
" FL,M",64094,51829,211,1,12051,939,63155,2005
" FL,S",36468,31457,137,0,4870,575,35893,2005
" GA,N",51324,33176,194,2,17950,1928,49396,2005
" GA,M",16477,8782,37,7,7651,160,16317,2005
" GA,S",13704,4288,34,6,9376,144,13560,2005
 DC,550,297,13,0,240,27,523,2006
   1ST,18723,10524,209,15,7975,810,17913,2006
 ME,1323,1046,12,2,263,85,1238,2006
 MA,8400,5493,116,2,2789,253,8147,2006
 NH,1925,1390,12,2,521,218,1707,2006
 RI,1621,1288,4,0,329,48,1573,2006
 PR,5454,1307,65,9,4073,206,5248,2006
   2ND,35940,25110,663,15,10097,1456,34484,2006
 CT,5025,3641,120,1,1263,219,4806,2006
" NY,N",8711,5781,35,10,2885,214,8497,2006
" NY,E",8793,6330,103,0,2360,220,8573,2006
" NY,S",5737,4321,370,0,993,566,5171,2006
" NY,W",7019,4559,34,2,2422,201,6818,2006
 VT,655,478,1,2,174,36,619,2006
   3RD,39524,22422,607,17,16478,1489,38035,2006
 DE,1528,706,203,0,619,244,1284,2006
 NJ,14041,8130,204,3,5704,493,13548,2006
" PA,E",8325,3891,48,0,4386,209,8116,2006
" PA,M",5558,3271,31,9,2247,192,5366,2006
" PA,W",10049,6415,113,5,3516,341,9708,2006
 VI,23,9,8,0,6,10,13,2006
   4TH,48936,23990,339,12,24593,1215,47721,2006
 MD,9349,4663,95,0,4591,333,9016,2006
" NC,E",6601,2839,42,4,3716,136,6465,2006
" NC,M",5335,2218,20,2,3094,155,5180,2006
" NC,W",5305,2724,35,1,2545,112,5193,2006
 SC,6129,1672,35,1,4420,82,6047,2006
" VA,E",8773,4597,72,1,4103,217,8556,2006
" VA,W",4411,2650,14,0,1747,66,4345,2006
" WV,N",1297,1113,7,1,176,69,1228,2006
" WV,S",1736,1514,19,2,201,45,1691,2006
   5TH,56683,23819,773,47,32041,2744,53939,2006
" LA,E",1757,1166,70,0,521,109,1648,2006
" LA,M",1317,704,7,0,606,29,1288,2006
" LA,W",8152,2402,64,14,5672,338,7814,2006
" MS,N",3814,1765,18,6,2025,97,3717,2006
" MS,S",5012,2425,20,10,2557,90,4922,2006
" TX,N",13076,4813,286,5,7972,828,12248,2006
" TX,E",4673,2360,42,2,2268,275,4398,2006
" TX,S",10997,4359,182,8,6447,549,10448,2006
" TX,W",7885,3825,84,2,3973,429,7456,2006
   6TH,113099,63374,507,36,49180,2307,110792,2006
" KY,E",5302,3743,16,2,1541,91,5211,2006
" KY,W",7072,4654,31,3,2384,109,6963,2006
" MI,E",25962,15547,137,9,10267,510,25452,2006
" MI,W",7537,5886,28,5,1618,243,7294,2006
" OH,N",18402,12276,79,3,6044,540,17862,2006
" OH,S",17021,10321,54,1,6645,417,16604,2006
" TN,E",9063,4405,29,8,4621,124,8939,2006
" TN,M",7863,3431,85,5,4342,152,7711,2006
" TN,W",14877,3111,48,0,11718,121,14756,2006
   7TH,63994,41662,305,28,21998,1352,62642,2006
" IL,N",20501,12893,120,1,7486,473,20028,2006
" IL,C",5621,4146,15,6,1454,139,5482,2006
" IL,S",4321,1907,22,0,2392,57,4264,2006
" IN,N",8279,5648,37,1,2593,124,8155,2006
" IN,S",13955,8732,63,6,5154,252,13703,2006
" WI,E",7705,5390,23,3,2289,145,7560,2006
" WI,W",3612,2946,25,11,630,162,3450,2006
   8TH,44032,28960,162,72,14835,1410,42622,2006
" AR,E",6337,2847,14,13,3463,185,6152,2006
" AR,W",3227,1576,13,8,1629,91,3136,2006
" IA,N",1766,1624,5,3,134,115,1651,2006
" IA,S",3125,2692,6,0,427,93,3032,2006
 MN,8039,6044,38,6,1949,381,7658,2006
" MO,E",7789,4681,24,4,3080,129,7660,2006
" MO,W",7918,5277,30,11,2600,155,7763,2006
 NE,4141,2782,29,23,1307,182,3959,2006
 ND,743,646,1,1,95,32,711,2006
 SD,947,791,2,3,151,47,900,2006
   9TH,78505,58215,845,45,19388,3415,75090,2006
 AK,622,521,6,1,94,45,577,2006
 AZ,7793,6286,143,1,1362,261,7532,2006
" CA,N",7742,4600,98,0,3041,489,7253,2006
" CA,E",9323,6779,66,6,2469,408,8915,2006
" CA,C",17802,14230,244,3,3323,959,16843,2006
" CA,S",4338,3312,41,2,983,242,4096,2006
 HI,965,801,9,0,153,25,940,2006
 ID,2931,2335,15,11,570,56,2875,2006
 MT,1845,1603,10,3,229,39,1806,2006
 NV,5517,3552,93,0,1872,178,5339,2006
 OR,7585,5699,19,7,1860,301,7284,2006
" WA,E",3463,2582,19,8,854,124,3339,2006
" WA,W",8448,5793,82,3,2569,277,8171,2006
 GUAM,114,105,0,0,9,8,106,2006
 NMI,17,17,0,0,0,3,14,2006
   10TH,32045,24010,182,31,7821,1112,30933,2006
 CO,9979,8189,76,2,1712,435,9544,2006
 KS,6347,4228,17,16,2086,158,6189,2006
 NM,2521,2199,18,2,302,95,2426,2006
" OK,N",2101,1774,5,1,321,94,2007,2006
" OK,E",1155,922,20,3,209,52,1103,2006
" OK,W",3889,2683,14,6,1186,90,3799,2006
 UT,5363,3440,25,1,1897,148,5215,2006
 WY,690,575,7,0,108,40,650,2006
   11TH,85629,38507,558,30,46533,2358,83271,2006
" AL,N",12292,4566,53,2,7671,142,12150,2006
" AL,M",4494,1244,15,1,3234,50,4444,2006
" AL,S",2853,841,14,0,1998,27,2826,2006
" FL,N",2143,1504,19,0,620,86,2057,2006
" FL,M",15756,9437,129,3,6187,521,15235,2006
" FL,S",7801,5603,101,0,2096,384,7417,2006
" GA,N",25035,11130,188,0,13717,899,24136,2006
" GA,M",7922,2697,21,14,5190,138,7784,2006
" GA,S",7333,1485,18,10,5820,111,7222,2006
"NY, S    ",7778.0,5500,527,1,1680,857.0,6921.0,2016
"NY, W    ",4157.0,2923,37,4,1193,179.0,3978.0,2016
VT       ,564.0,454,4,2,104,44.0,520.0,2016
    3RD  ,50302.0,30904,1070,13,18261,2296.0,48006.0,2016
DE       ,2951.0,1517,598,0,784,759.0,2192.0,2016
NJ       ,25723.0,16729,266,5,8721,798.0,24925.0,2016
"PA, E    ",9158.0,4768,77,2,4311,326.0,8832.0,2016
"PA, M    ",5361.0,3402,25,0,1934,145.0,5216.0,2016
"PA, W    ",7089.0,4474,104,6,2505,266.0,6823.0,2016
VI       ,20.0,14,0,0,6,2.0,18.0,2016
     4TH ,64896.0,36241,445,28,28179,1570.0,63326.0,2016
MD       ,17341.0,11521,132,1,5687,391.0,16950.0,2016
"NC, E    ",6724.0,2224,67,7,4426,191.0,6533.0,2016
"NC, M    ",3959.0,1651,17,3,2288,113.0,3846.0,2016
"NC, W    ",4216.0,2138,31,0,2047,139.0,4077.0,2016
SC       ,6617.0,2658,32,3,3923,162.0,6455.0,2016
"VA, E    ",17112.0,9757,104,7,7242,349.0,16763.0,2016
"VA, W    ",5555.0,3389,20,6,2140,90.0,5465.0,2016
"WV, N    ",1346.0,1127,12,1,206,51.0,1295.0,2016
"WV, S    ",2026.0,1776,30,0,220,84.0,1942.0,2016
     5TH ,58621.0,23283,966,36,34311,2999.0,55622.0,2016
"LA, E    ",3269.0,1486,26,0,1757,120.0,3149.0,2016
"LA, M    ",1386.0,730,13,0,639,41.0,1345.0,2016
"LA, W    ",8890.0,1715,58,13,7104,166.0,8724.0,2016
"MS, N    ",4635.0,1909,23,7,2696,99.0,4536.0,2016
"MS, S    ",6611.0,3462,38,1,3110,171.0,6440.0,2016
"TX, N    ",11886.0,4824,246,9,6805,756.0,11130.0,2016
"TX, E    ",4765.0,2037,90,2,2636,321.0,4444.0,2016
"TX, S    ",9227.0,3351,310,3,5557,751.0,8476.0,2016
"TX, W    ",7952.0,3769,162,1,4007,574.0,7378.0,2016
    6TH  ,118438.0,75998,376,41,42022,1859.0,116579.0,2016
"KY, E    ",7860.0,5416,11,4,2429,102.0,7758.0,2016
"KY, W    ",7335.0,4725,12,10,2587,111.0,7224.0,2016
"MI, E    ",23712.0,18221,113,17,5361,383.0,23329.0,2016
"MI, W    ",6916.0,5495,29,4,1388,181.0,6735.0,2016
"OH, N    ",19553.0,15914,37,1,3601,337.0,19216.0,2016
"OH, S    ",17404.0,11941,15,1,5447,265.0,17139.0,2016
"TN, E    ",11490.0,6111,43,4,5332,196.0,11294.0,2016
"TN, M    ",9422.0,4705,76,0,4641,180.0,9242.0,2016
"TN, W    ",14746.0,3470,40,0,11236,104.0,14642.0,2016
     7TH ,95212.0,59909,253,60,34987,1719.0,93493.0,2016
"IL, N    ",44937.0,24675,135,2,20122,741.0,44196.0,2016
"IL, C    ",5203.0,4258,5,5,935,120.0,5083.0,2016
"IL, S    ",3706.0,2471,8,5,1222,80.0,3626.0,2016
"IN, N    ",9853.0,7034,37,2,2780,153.0,9700.0,2016
"IN, S    ",14354.0,9491,32,6,4825,222.0,14132.0,2016
"WI, E    ",12738.0,8362,19,19,4338,224.0,12514.0,2016
"WI, W    ",4421.0,3618,17,21,765,179.0,4242.0,2016
     8TH ,48642.0,33062,392,76,15108,1497.0,47145.0,2016
"AR, E    ",7220.0,3143,14,9,4054,148.0,7072.0,2016
"AR, W    ",3231.0,1765,13,8,1445,100.0,3131.0,2016
"IA, N    ",1686.0,1526,0,7,153,77.0,1609.0,2016
"IA, S    ",2611.0,2271,8,5,327,97.0,2514.0,2016
MN       ,9614.0,8052,29,11,1522,324.0,9290.0,2016
"MO, E    ",10988.0,7065,273,5,3645,408.0,10580.0,2016
"MO, W    ",7392.0,5007,30,4,2350,152.0,7240.0,2016
NE       ,4104.0,2665,16,12,1408,107.0,3997.0,2016
ND       ,701.0,595,7,7,92,44.0,657.0,2016
SD       ,1095.0,973,2,8,112,40.0,1055.0,2016
     9TH ,132347.0,98329,1326,52,32629,4752.0,127595.0,2016
AK       ,410.0,334,7,0,69,34.0,376.0,2016
AZ       ,15514.0,12705,210,3,2596,513.0,15001.0,2016
"CA, N    ",10279.0,5358,184,1,4734,557.0,9722.0,2016
"CA, E    ",15206.0,11595,62,16,3532,498.0,14708.0,2016
"CA, C    ",41399.0,30403,433,8,10555,1685.0,39714.0,2016
"CA, S    ",8229.0,6424,35,0,1770,285.0,7944.0,2016
HI       ,1419.0,943,15,0,461,51.0,1368.0,2016
ID       ,3840.0,3404,14,6,416,102.0,3738.0,2016
MT       ,1347.0,1126,13,4,204,67.0,1280.0,2016
NV       ,9017.0,6864,216,0,1931,295.0,8722.0,2016
OR       ,9131.0,7116,28,6,1980,225.0,8906.0,2016
"WA, E    ",4106.0,3113,13,4,976,77.0,4029.0,2016
"WA, W    ",12282.0,8813,93,4,3371,350.0,11932.0,2016
GUAM     ,164.0,129,2,0,33,12.0,152.0,2016
NMI      ,4.0,2,1,0,1,1.0,3.0,2016
     10TH,44779.0,32275,293,30,12180,1265.0,43514.0,2016
CO       ,12957.0,10219,81,0,2657,402.0,12555.0,2016
KS       ,6696.0,3802,105,21,2768,256.0,6440.0,2016
NM       ,3306.0,2971,35,1,299,135.0,3171.0,2016
"OK, N    ",2391.0,2118,5,2,266,56.0,2335.0,2016
"OK, E    ",1397.0,1252,2,5,137,40.0,1357.0,2016
"OK, W    ",5395.0,4197,30,1,1167,133.0,5262.0,2016
UT       ,11650.0,6838,31,0,4781,208.0,11442.0,2016
WY       ,987.0,878,4,0,105,35.0,952.0,2016
     11TH,119760.0,58421,838,57,60430,2970.0,116790.0,2016
"AL, N    ",13643.0,6597,21,3,7022,167.0,13476.0,2016
"AL, M    ",8000.0,1683,9,1,6307,65.0,7935.0,2016
"AL, S    ",4626.0,1244,20,0,3362,38.0,4588.0,2016
"FL, N    ",2538.0,2003,40,3,492,143.0,2395.0,2016
"FL, M    ",24968.0,16879,315,12,7760,1007.0,23961.0,2016
"FL, S    ",18154.0,9402,264,2,8474,612.0,17542.0,2016
"GA, N    ",32302.0,16648,115,1,15538,630.0,31672.0,2016
"GA, M    ",8446.0,2559,26,28,5833,192.0,8254.0,2016
"GA, S    ",7083.0,1406,28,7,5642,116.0,6967.0,2016
Chapter 9,,,Chapter 15,,,,,2016
"KY, W    ",1.0,061,CT       ,1,020,,,2016
"MO, W    ",1.0,086,"NY, S    ",70,023,,,2016
NE       ,3.0,087,DE       ,52,030,,,2016
"CA, N    ",1.0,09C,NJ       ,2,031,,,2016
"CA, E    ",1.0,09D,SC       ,1,045,,,2016
"OK, E    ",1.0,10E,"VA, E    ",2,046,,,2016
,,,"LA, M    ",4,051,,,2016
,,,"TX, N    ",2,055,,,2016
,,,"TX, S    ",6,057,,,2016
,,,"TX, W    ",13,058,,,2016
,,,"IL, N    ",3,070,,,2016
,,,"CA, N    ",1,09C,,,2016
,,,NV       ,6,09J,,,2016
,,,OR       ,1,09K,,,2016
,,,"WA, W    ",1,09M,,,2016
,,,"FL, M    ",2,11E,,,2016
,,,"FL, S    ",12,11F,,,2016
"NY, S    ",8023.0,5403,597,2,1966,841.0,7182.0,2017
"NY, W    ",4295.0,2879,41,4,1371,178.0,4117.0,2017
VT       ,558.0,461,0,8,89,35.0,523.0,2017
    3rd,52610.0,31315,1269,14,20002,2311.0,50299.0,2017
DE       ,3119.0,1511,683,0,915,803.0,2316.0,2017
NJ       ,27015.0,16626,351,5,10033,760.0,26255.0,2017
"PA, E    ",8846.0,4561,90,1,4194,289.0,8557.0,2017
"PA, M    ",5413.0,3336,41,1,2035,174.0,5239.0,2017
"PA, W    ",8207.0,5278,101,7,2821,281.0,7926.0,2017
VI       ,10.0,3,3,0,4,4.0,6.0,2017
    4th,64927.0,36701,488,31,27707,1555.0,63372.0,2017
MD       ,17716.0,11942,128,3,5643,349.0,17367.0,2017
"NC, E    ",6407.0,2231,96,6,4074,230.0,6177.0,2017
"NC, M    ",3964.0,1680,27,2,2255,100.0,3864.0,2017
"NC, W    ",4088.0,2173,33,4,1878,136.0,3952.0,2017
SC       ,6554.0,2587,29,5,3933,144.0,6410.0,2017
"VA, E    ",17431.0,9918,110,3,7400,382.0,17049.0,2017
"VA, W    ",5454.0,3297,21,6,2130,98.0,5356.0,2017
"WV, N    ",1314.0,1121,18,0,175,41.0,1273.0,2017
"WV, S    ",1999.0,1752,26,2,219,75.0,1924.0,2017
    5th,61095.0,25370,1262,41,34417,3249.0,57846.0,2017
"LA, E    ",3563.0,1644,32,0,1887,148.0,3415.0,2017
"LA, M    ",1283.0,665,7,1,610,28.0,1255.0,2017
"LA, W    ",8760.0,1835,77,15,6833,189.0,8571.0,2017
"MS, N    ",4990.0,2033,21,5,2931,90.0,4900.0,2017
"MS, S    ",7408.0,3767,24,2,3615,152.0,7256.0,2017
"TX, N    ",12171.0,5311,378,11,6470,907.0,11264.0,2017
"TX, E    ",5334.0,2290,95,1,2947,343.0,4991.0,2017
"TX, S    ",9496.0,3688,546,3,5257,924.0,8572.0,2017
"TX, W    ",8090.0,4137,82,3,3867,468.0,7622.0,2017
    6th,119887.0,77338,312,54,42182,1756.0,118131.0,2017
"KY, E    ",8163.0,5745,12,5,2401,102.0,8061.0,2017
"KY, W    ",7678.0,5039,12,11,2616,120.0,7558.0,2017
"MI, E    ",24428.0,18720,78,11,5618,310.0,24118.0,2017
"MI, W    ",6347.0,5024,9,5,1309,146.0,6201.0,2017
"OH, N    ",20862.0,16652,45,5,4160,358.0,20504.0,2017
"OH, S    ",17216.0,11805,18,5,5388,278.0,16938.0,2017
"TN, E    ",11973.0,6603,46,7,5317,170.0,11803.0,2017
"TN, M    ",8914.0,4268,65,2,4579,166.0,8748.0,2017
"TN, W    ",14306.0,3482,27,3,10794,106.0,14200.0,2017
    7th,91918.0,57392,275,64,34187,1648.0,90270.0,2017
"IL, N    ",42467.0,23052,144,2,19269,755.0,41712.0,2017
"IL, C    ",5298.0,4254,16,2,1026,104.0,5194.0,2017
"IL, S    ",3685.0,2474,11,4,1196,79.0,3606.0,2017
"IN, N    ",9342.0,6430,25,3,2884,113.0,9229.0,2017
"IN, S    ",13997.0,9141,42,8,4806,214.0,13783.0,2017
"WI, E    ",12634.0,8367,13,17,4237,199.0,12435.0,2017
"WI, W    ",4495.0,3674,24,28,769,184.0,4311.0,2017
    8th,48585.0,33083,219,81,15200,1214.0,47371.0,2017
"AR, E    ",7165.0,3254,16,4,3890,123.0,7042.0,2017
"AR, W    ",3374.0,1835,16,5,1518,106.0,3268.0,2017
"IA, N    ",1680.0,1509,10,15,146,87.0,1593.0,2017
"IA, S    ",2640.0,2309,5,3,323,79.0,2561.0,2017
MN       ,9766.0,7992,55,19,1700,300.0,9466.0,2017
"MO, E    ",10609.0,6917,54,2,3636,187.0,10422.0,2017
"MO, W    ",7531.0,5021,31,5,2474,135.0,7396.0,2017
NE       ,3998.0,2657,20,20,1300,116.0,3882.0,2017
ND       ,775.0,695,5,0,75,37.0,738.0,2017
SD       ,1047.0,894,7,8,138,44.0,1003.0,2017
    9th,127253.0,94983,1249,67,30944,4568.0,122685.0,2017
AK       ,467.0,370,7,4,86,35.0,432.0,2017
AZ       ,15997.0,12895,199,6,2896,498.0,15499.0,2017
"CA, N    ",9118.0,4835,174,6,4101,519.0,8599.0,2017
"CA, E    ",15401.0,11767,79,17,3537,513.0,14888.0,2017
"CA, C    ",38704.0,28657,407,2,9634,1577.0,37127.0,2017
"CA, S    ",8136.0,6474,41,2,1619,301.0,7835.0,2017
HI       ,1391.0,938,13,2,438,54.0,1337.0,2017
ID       ,3808.0,3348,22,6,432,117.0,3691.0,2017
MT       ,1316.0,1096,11,7,202,58.0,1258.0,2017
NV       ,8830.0,6758,190,0,1881,279.0,8551.0,2017
OR       ,9191.0,7068,24,7,2092,200.0,8991.0,2017
"WA, E    ",3840.0,2959,9,1,870,76.0,3764.0,2017
"WA, W    ",10922.0,7717,72,7,3126,331.0,10591.0,2017
GUAM     ,127.0,97,0,0,30,9.0,118.0,2017
NMI      ,5.0,4,1,0,0,1.0,4.0,2017
    10th,44083.0,31684,217,34,12144,1130.0,42953.0,2017
CO       ,12268.0,9528,88,2,2650,407.0,11861.0,2017
KS       ,6679.0,3731,41,25,2882,176.0,6503.0,2017
NM       ,3345.0,2989,37,2,317,113.0,3232.0,2017
"OK, N    ",2622.0,2318,5,2,297,59.0,2563.0,2017
"OK, E    ",1483.0,1328,1,0,153,30.0,1453.0,2017
"OK, W    ",5412.0,4217,16,2,1177,143.0,5269.0,2017
UT       ,11254.0,6666,22,0,4564,168.0,11086.0,2017
WY       ,1020.0,907,7,1,104,34.0,986.0,2017
    11th,116386.0,57721,767,63,57830,2711.0,113675.0,2017
"AL, N    ",13961.0,6603,35,5,7318,140.0,13821.0,2017
"AL, M    ",8161.0,1808,13,1,6339,82.0,8079.0,2017
"AL, S    ",4920.0,1393,20,0,3507,41.0,4879.0,2017
"FL, N    ",2413.0,1918,23,4,468,87.0,2326.0,2017
"FL, M    ",23895.0,16850,296,9,6740,994.0,22901.0,2017
"FL, S    ",16318.0,8658,222,2,7431,577.0,15741.0,2017
"GA, N    ",31419.0,16276,109,6,15028,517.0,30902.0,2017
"GA, M    ",8540.0,2773,37,25,5705,192.0,8348.0,2017
"GA, S    ",6759.0,1442,12,11,5294,81.0,6678.0,2017
Chapter 9,,,Chapter 15,,,,,2017
"TX, E    ",1.0,056,MA       ,1,011,,,2017
"TX, W    ",1.0,058,"NY, S    ",55,023,,,2017
"AR, E    ",1.0,080,DE       ,10,030,,,2017
NE       ,1.0,087,"TX, N    ",1,055,,,2017
"CA, E    ",1.0,09D,"TX, S    ",2,057,,,2017
"WA, E    ",1.0,09L,"MI, E    ",1,062,,,2017
"OK, E    ",1.0,10E,AZ       ,1,09B,,,2017
,,,"CA, N    ",2,09C,,,2017
,,,"CA, C    ",4,09E,,,2017
,,,NV       ,1,09J,,,2017
,,,UT       ,2,10G,,,2017
,,,WY       ,1,10H,,,2017
,,,"FL, S    ",5,11F,,,2017
"NY,E",16217,9589,394,6233,1,859,15358,2018
"NY,S",8478,5827,666,1923,62,942,7536,2018
"NY,W",4117,2843,43,1226,5,151,3966,2018
VT,555,457,4,91,3,37,518,2018
     3rd,50691,29530,1085,20048,28,2164,48527,2018
DE,2979,1412,615,941,11,786,2193,2018
NJ,26274,15844,287,10142,1,679,25595,2018
"PA,E",8603,4192,72,4337,2,308,8295,2018
"PA,M",5543,3436,33,2071,3,150,5393,2018
"PA,W",7281,4640,77,2553,11,237,7044,2018
VI,11,6,1,4,0,4,7,2018
     4th,63630,35312,416,27872,30,1480,62150,2018
MD,17255,11361,118,5770,6,352,16903,2018
"NC,E",6239,2147,77,4006,9,235,6004,2018
"NC,M",3696,1504,20,2170,2,97,3599,2018
"NC,W",4014,2041,38,1932,3,113,3901,2018
SC,6598,2597,27,3971,3,140,6458,2018
"VA,E",17275,9737,87,7449,2,341,16934,2018
"VA,W",5503,3314,15,2170,4,99,5404,2018
"WV,N",1217,1000,11,205,1,49,1168,2018
"WV,S",1833,1611,23,199,0,54,1779,2018
     5th,60569,25797,1222,33508,42,3145,57424,2018
"LA,E",3509,1504,32,1972,1,144,3365,2018
"LA,M",1521,792,7,722,0,34,1487,2018
"LA,W",8360,1699,45,6605,11,132,8228,2018
"MS,N",5196,2120,20,3052,4,82,5114,2018
"MS,S",7597,3910,25,3661,1,132,7465,2018
"TX,N",11441,5149,444,5839,9,906,10535,2018
"TX,E",5078,2379,56,2641,2,326,4752,2018
"TX,S",9694,3925,469,5293,7,878,8816,2018
"TX,W",8173,4319,124,3723,7,511,7662,2018
     6th,116191,74407,295,41451,38,1551,114640,2018
"KY,E",7561,5160,10,2383,8,94,7467,2018
"KY,W",7353,4537,21,2792,3,117,7236,2018
"MI,E",23949,18221,87,5633,8,299,23650,2018
"MI,W",5737,4479,9,1247,2,110,5627,2018
"OH,N",20193,16133,41,4017,2,267,19926,2018
"OH,S",17017,11572,16,5424,5,274,16743,2018
"TN,E",12034,6758,30,5241,5,141,11893,2018
"TN,M",8755,4214,60,4478,3,163,8592,2018
"TN,W",13592,3333,21,10236,2,86,13506,2018
     7th,87784,54577,240,32893,74,1467,86317,2018
"IL,N",39413,21421,116,17872,4,676,38737,2018
"IL,C",5157,4118,16,1022,1,115,5042,2018
"IL,S",3571,2374,15,1177,5,81,3490,2018
"IN,N",8935,6112,22,2800,1,88,8847,2018
"IN,S",14206,8979,57,5156,14,203,14003,2018
"WI,E",12126,8030,5,4075,16,172,11954,2018
"WI,W",4376,3543,9,791,33,132,4244,2018
     8th,48431,32842,144,15334,111,1130,47301,2018
AR ,10734,5208,29,5484,13,192,10542,2018
"IA,N",1791,1605,5,171,10,71,1720,2018
"IA,S",2838,2469,14,352,3,95,2743,2018
MN,9911,7930,27,1928,26,296,9615,2018
"MO,E",9873,6396,12,3461,4,134,9739,2018
"MO,W",7376,4835,25,2510,6,131,7245,2018
NE,4043,2759,26,1231,27,113,3930,2018
ND,781,689,2,81,9,42,739,2018
SD,1084,951,4,116,13,56,1028,2018
     9th,123777,93992,1183,28559,43,4352,119425,2018
AK,450,356,1,93,0,32,418,2018
AZ,16337,13156,174,3004,3,435,15902,2018
"CA,N",8657,4771,146,3737,3,487,8170,2018
"CA,E",14847,11366,71,3396,14,447,14400,2018
"CA,C",37192,28489,463,8237,3,1576,35616,2018
"CA,S",7972,6461,32,1479,0,303,7669,2018
HI,1529,1030,4,495,0,61,1468,2018
ID,3724,3300,24,394,6,94,3630,2018
MT,1302,1092,4,199,7,42,1260,2018
NV,9404,7479,161,1764,0,307,9097,2018
OR,8815,6642,27,2144,2,203,8612,2018
"WA,E",3644,2790,13,836,5,79,3565,2018
"WA,W",9750,6935,63,2752,0,283,9467,2018
GUAM,154,125,0,29,0,3,151,2018
NMI,0,0,0,0,0,0,0,2018
     10th,41902,30014,183,11650,55,1102,40800,2018
CO,11445,8882,63,2492,8,370,11075,2018
KS,6856,3724,28,3069,35,212,6644,2018
NM,3274,2891,22,361,0,83,3191,2018
"OK,N",2592,2283,10,297,2,63,2529,2018
"OK,E",1450,1300,3,146,1,32,1418,2018
"OK,W",5488,4243,8,1234,3,126,5362,2018
UT,9771,5785,28,3952,6,166,9605,2018
WY,1026,906,21,99,0,50,976,2018
     11th,116384,57704,852,57770,58,2737,113647,2018
"AL,N",13614,6318,44,7247,5,161,13453,2018
"AL,M",7931,1777,10,6144,0,45,7886,2018
"AL,S",5301,1475,13,3813,0,37,5264,2018
"FL,N",2570,1992,38,536,4,103,2467,2018
"FL,M",24312,17363,285,6661,3,941,23371,2018
"FL,S",16930,9192,263,7455,20,637,16293,2018
"GA,N",30741,15485,144,15105,7,557,30184,2018
"GA,M",8417,2741,37,5621,18,173,8244,2018
"GA,S",6568,1361,18,5188,1,83,6485,2018
"NY,E",8295,6387,241,1667,0,502,7793,2020
"NY,S",5668,4146,700,740,82,1003,4665,2020
"NY,W",2627,2095,21,511,0,109,2518,2020
VT,379,288,3,71,17,39,340,2020
     3rd,32102,21112,2003,8893,94,2895,29207,2020
DE,3249,1067,1666,430,86,1882,1367,2020
NJ,14728,10724,206,3797,1,496,14232,2020
"PA,E",5005,2953,51,1998,3,185,4820,2020
"PA,M",3763,2577,22,1162,2,119,3644,2020
"PA,W",5352,3787,58,1505,2,212,5140,2020
VI,5,4,0,1,0,1,4,2020
     4th,43661,27394,473,15775,19,1312,42349,2020
MD,11249,8418,79,2749,3,278,10971,2020
"NC,E",4110,1642,55,2410,3,172,3938,2020
"NC,M",2512,1158,23,1331,0,84,2428,2020
"NC,W",2287,1304,37,944,2,112,2175,2020
SC,4707,2174,28,2499,6,122,4585,2020
"VA,E",12713,8208,203,4302,0,401,12312,2020
"VA,W",3804,2466,19,1314,5,77,3727,2020
"WV,N",935,822,5,108,0,17,918,2020
"WV,S",1344,1202,24,118,0,49,1295,2020
     5th,42977,23372,1955,17585,65,3992,38985,2020
"LA,E",2202,1072,30,1100,0,102,2100,2020
"LA,M",882,594,18,270,0,42,840,2020
"LA,W",4558,1338,17,3194,9,95,4463,2020
"MS,N",3639,1779,30,1824,6,141,3498,2020
"MS,S",4973,3115,19,1836,3,112,4861,2020
"TX,N",8689,5063,272,3338,16,885,7804,2020
"TX,E",4366,2529,69,1766,2,305,4061,2020
"TX,S",7796,3783,1372,2612,29,1816,5980,2020
"TX,W",5872,4099,128,1645,0,494,5378,2020
     6th,81560,57675,335,23510,40,1356,80204,2020
"KY,E",5762,4173,24,1560,5,91,5671,2020
"KY,W",5669,3554,23,2089,3,100,5569,2020
"MI,E",17549,14007,53,3479,10,204,17345,2020
"MI,W",4112,3335,51,720,6,158,3954,2020
"OH,N",14718,12529,31,2153,5,244,14474,2020
"OH,S",12033,9096,42,2890,5,196,11837,2020
"TN,E",8332,5303,29,2995,5,124,8208,2020
"TN,M",5773,3284,65,2423,1,175,5598,2020
"TN,W",7612,2394,17,5201,0,64,7548,2020
     7th,59978,43094,194,16597,93,1261,58717,2020
"IL,N",25109,17597,106,7402,4,601,24508,2020
"IL,C",3664,3032,8,618,6,81,3583,2020
"IL,S",2264,1614,7,640,3,46,2218,2020
"IN,N",6833,5150,8,1672,3,73,6760,2020
"IN,S",10465,7178,28,3251,8,161,10304,2020
"WI,E",8417,5897,21,2469,30,152,8265,2020
"WI,W",3226,2626,16,545,39,147,3079,2020
     8th,35969,25887,168,9751,163,1090,34879,2020
AR ,7545,4154,30,3347,14,189,7356,2020
"IA,N",1462,1314,4,119,25,91,1371,2020
"IA,S",2342,2070,4,258,10,74,2268,2020
MN,7238,5891,30,1279,38,272,6966,2020
"MO,E",7337,5162,52,2115,8,144,7193,2020
"MO,W",5231,3480,28,1716,7,111,5120,2020
NE,3343,2494,12,802,35,121,3222,2020
ND,656,587,3,60,6,27,629,2020
SD,815,735,5,55,20,61,754,2020
     9th,93877,78181,1017,14592,87,3742,90135,2020
AK,320,272,5,43,0,29,291,2020
AZ,13515,11450,126,1935,4,339,13176,2020
"CA,N",5900,4094,175,1627,4,460,5440,2020
"CA,E",10968,9048,71,1837,12,365,10603,2020
"CA,C",27852,23814,351,3683,4,1337,26515,2020
"CA,S",6426,5707,31,686,2,269,6157,2020
HI,1566,1183,7,374,2,63,1503,2020
ID,2772,2498,24,240,10,83,2689,2020
MT,1201,1004,16,161,20,100,1101,2020
NV,8007,6998,113,895,1,255,7752,2020
OR,6636,5301,23,1291,21,167,6469,2020
"WA,E",2277,1816,11,447,3,50,2227,2020
"WA,W",6369,4937,64,1364,4,218,6151,2020
GUAM,67,58,0,9,0,7,60,2020
NMI,1,1,0,0,0,0,1,2020
     10th,31284,23894,188,7142,60,1020,30264,2020
CO,8562,6844,85,1624,9,369,8193,2020
KS,4470,2665,28,1742,35,177,4293,2020
NM,2423,2154,19,248,2,85,2338,2020
"OK,N",1990,1832,5,153,0,54,1936,2020
"OK,E",1235,1153,2,79,1,33,1202,2020
"OK,W",4259,3504,16,728,11,135,4124,2020
UT,7638,5090,20,2526,2,119,7519,2020
WY,707,652,13,42,0,48,659,2020
     11th,83817,49283,833,33648,53,2529,81288,2020
"AL,N",9616,5310,44,4259,3,143,9473,2020
"AL,M",5538,1440,18,4076,4,69,5469,2020
"AL,S",3258,1098,16,2143,1,44,3214,2020
"FL,N",1923,1652,28,241,2,73,1850,2020
"FL,M",20838,16607,294,3925,12,882,19956,2020
"FL,S",14691,9315,268,5099,9,658,14033,2020
"GA,N",18741,10758,136,7846,1,484,18257,2020
"GA,M",5372,2127,17,3212,16,102,5270,2020
"GA,S",3840,976,12,2847,5,74,3766,2020
"NY,E",16600,9611,402,6587,0,850,15750,2019
"NY,S",8446,5815,649,1916,66,924,7522,2019
"NY,W",4073,2852,35,1182,4,146,3927,2019
VT,561,445,5,106,5,44,517,2019
     3rd,48871,28803,1051,18979,38,2061,46810,2019
DE,2839,1337,611,875,16,695,2144,2019
NJ,24810,15280,256,9271,3,662,24148,2019
"PA,E",8191,4029,65,4092,5,269,7922,2019
"PA,M",5628,3459,41,2125,3,166,5462,2019
"PA,W",7401,4696,78,2616,11,267,7134,2019
VI,2,2,0,0,0,2,0,2019
     4th,63987,34756,384,28807,40,1494,62493,2019
MD,17488,11010,107,6366,5,363,17125,2019
"NC,E",6020,1954,89,3968,9,237,5783,2019
"NC,M",3800,1518,11,2264,7,92,3708,2019
"NC,W",3711,1847,21,1841,2,110,3601,2019
SC,6833,2691,20,4112,10,143,6690,2019
"VA,E",17738,10097,75,7564,2,349,17389,2019
"VA,W",5559,3209,19,2327,4,103,5456,2019
"WV,N",1101,922,6,173,0,29,1072,2019
"WV,S",1737,1508,36,192,1,68,1669,2019
     5th,60589,27354,889,32294,52,2985,57604,2019
"LA,E",3531,1427,38,2066,0,147,3384,2019
"LA,M",1540,851,7,682,0,51,1489,2019
"LA,W",7880,1745,39,6082,14,154,7726,2019
"MS,N",5314,2175,13,3121,5,84,5230,2019
"MS,S",7255,3769,19,3465,2,120,7135,2019
"TX,N",11393,5608,204,5566,15,703,10690,2019
"TX,E",5785,2774,81,2928,2,351,5434,2019
"TX,S",9704,4315,361,5023,5,802,8902,2019
"TX,W",8187,4690,127,3361,9,573,7614,2019
     6th,117295,75420,480,41350,45,1858,115437,2019
"KY,E",7678,5233,43,2398,4,128,7550,2019
"KY,W",7744,4713,20,3006,5,143,7601,2019
"MI,E",24927,18617,135,6171,4,395,24532,2019
"MI,W",5769,4493,17,1248,11,151,5618,2019
"OH,N",20255,16427,42,3781,5,271,19984,2019
"OH,S",17156,11720,108,5320,8,349,16807,2019
"TN,E",12260,6958,17,5280,5,144,12116,2019
"TN,M",8430,4102,72,4253,3,190,8240,2019
"TN,W",13076,3157,26,9893,0,87,12989,2019
     7th,88626,56808,241,31497,80,1638,86988,2019
"IL,N",40308,24269,128,15907,4,782,39526,2019
"IL,C",5103,4029,13,1056,5,125,4978,2019
"IL,S",3262,2151,7,1097,7,58,3204,2019
"IN,N",9096,6056,20,3018,2,90,9006,2019
"IN,S",14236,8799,36,5395,6,228,14008,2019
"WI,E",12219,7995,21,4188,15,180,12039,2019
"WI,W",4402,3509,16,836,41,175,4227,2019
     8th,48358,32044,209,15966,139,1212,47146,2019
AR ,10676,5078,27,5557,14,207,10469,2019
"IA,N",1846,1635,10,181,20,88,1758,2019
"IA,S",3056,2624,3,422,7,95,2961,2019
MN,9910,7655,41,2182,32,299,9611,2019
"MO,E",9633,6040,46,3542,5,156,9477,2019
"MO,W",7421,4680,30,2707,4,136,7285,2019
NE,4126,2871,42,1170,43,143,3983,2019
ND,726,638,3,84,1,25,701,2019
SD,964,823,7,121,13,63,901,2019
     9th,125215,95944,1167,28034,70,4346,120869,2019
AK,404,310,8,86,0,36,368,2019
AZ,16933,13640,169,3119,5,421,16512,2019
"CA,N",8086,4670,140,3268,8,438,7648,2019
"CA,E",15150,11577,72,3482,19,466,14684,2019
"CA,C",38148,29807,420,7920,1,1576,36572,2019
"CA,S",8048,6574,43,1430,1,293,7755,2019
HI,1704,1158,13,532,1,59,1645,2019
ID,3665,3285,15,355,10,85,3580,2019
MT,1318,1046,11,250,11,56,1262,2019
NV,10046,7983,141,1922,0,307,9739,2019
OR,8996,6724,29,2237,6,220,8776,2019
"WA,E",3340,2551,26,758,5,97,3243,2019
"WA,W",9213,6488,79,2643,3,286,8927,2019
GUAM,160,128,1,31,0,6,154,2019
NMI,4,3,0,1,0,0,4,2019
     10th,41363,29470,224,11607,62,1160,40203,2019
CO,11377,8779,73,2521,4,384,10993,2019
KS,6839,3716,55,3032,36,228,6611,2019
NM,3046,2602,27,417,0,83,2963,2019
"OK,N",2655,2341,13,291,10,75,2580,2019
"OK,E",1524,1361,3,157,3,43,1481,2019
"OK,W",5373,4111,24,1230,8,164,5209,2019
UT,9688,5804,23,3861,0,143,9545,2019
WY,861,756,6,98,1,40,821,2019
     11th,117249,59060,935,57165,89,2937,114312,2019
"AL,N",13573,6284,44,7245,0,165,13408,2019
"AL,M",8150,1771,7,6369,3,49,8101,2019
"AL,S",5086,1350,16,3718,2,43,5043,2019
"FL,N",2644,2062,28,550,4,115,2529,2019
"FL,M",26193,18829,364,6981,19,1073,25120,2019
"FL,S",17940,10150,257,7513,20,629,17311,2019
"GA,N",29304,14827,189,14279,9,646,28658,2019
"GA,M",8100,2587,16,5471,26,151,7949,2019
"GA,S",6259,1200,14,5039,6,66,6193,2019
